Column,Type,Size,Fuzzed,XSS,Token
admin.username,varchar,255,True,True,True
admin.email,varchar,255,True,True,True
admin.password,varchar,300,True,False,False
adminlog.ip,varbinary,16,False,False,False
courses.course_code,varchar,255,True,False,False
courses.course_sn,varchar,255,True,False,False
courses.course_fn,varchar,255,True,False,False
registration.course,varchar,500,True,False,False
registration.firstName,varchar,500,True,False,False
registration.middleName,varchar,500,True,False,False
registration.lastName,varchar,500,True,False,False
registration.gender,varchar,250,True,False,False
registration.emailid,varchar,500,True,False,False
registration.guardianName,varchar,500,True,False,False
registration.guardianRelation,varchar,500,True,False,False
registration.corresAddress,varchar,500,True,False,False
registration.corresCIty,varchar,500,True,False,False
registration.corresState,varchar,500,True,False,False
registration.pmntAddress,varchar,500,True,False,False
registration.pmntCity,varchar,500,True,False,False
registration.pmnatetState,varchar,500,True,False,False
registration.updationDate,varchar,500,True,False,False
states.State,varchar,150,True,True,True
userlog.userEmail,varchar,255,True,True,True
userlog.userIp,varbinary,16,False,False,False
userlog.city,varchar,255,True,True,True
userlog.country,varchar,255,True,True,True
userregistration.regNo,varchar,255,True,False,False
userregistration.firstName,varchar,255,True,False,False
userregistration.middleName,varchar,255,True,False,False
userregistration.lastName,varchar,255,True,False,False
userregistration.gender,varchar,255,True,False,False
userregistration.email,varchar,255,True,False,False
userregistration.password,varchar,255,True,False,False
userregistration.updationDate,varchar,45,True,False,False
userregistration.passUdateDate,varchar,45,True,False,False
