<?xml version="1.0" encoding="utf-8"?>
<extension type="module" client="site" method="upgrade">
	<name>mod_feed</name>
	<author>Joomla! Project</author>
	<creationDate>2005-07</creationDate>
	<copyright>(C) 2005 Open Source Matters, Inc.</copyright>
	<license>GNU General Public License version 2 or later; see LICENSE.txt</license>
	<authorEmail>admin@joomla.org</authorEmail>
	<authorUrl>www.joomla.org</authorUrl>
	<version>3.0.0</version>
	<description>MOD_FEED_XML_DESCRIPTION</description>
	<namespace path="src">Joomla\Module\Feed</namespace>
	<files>
		<filename module="mod_feed">mod_feed.php</filename>
		<folder>src</folder>
		<folder>tmpl</folder>
	</files>
	<languages>
		<language tag="en-GB">language/en-GB/mod_feed.ini</language>
		<language tag="en-GB">language/en-GB/mod_feed.sys.ini</language>
	</languages>
	<help key="Site_Modules:_Feed_Display" />
	<config>
		<fields name="params">
			<fieldset name="basic">
				<field
					name="rssurl"
					type="url"
					label="MOD_FEED_FIELD_RSSURL_LABEL"
					filter="url"
					required="true"
					validate="url"
				/>

				<field
					name="rssrtl"
					type="radio"
					layout="joomla.form.field.radio.switcher"
					label="MOD_FEED_FIELD_RTL_LABEL"
					default="0"
					filter="integer"
					>
					<option value="0">JNO</option>
					<option value="1">JYES</option>
				</field>

				<field
					name="rsstitle"
					type="radio"
					layout="joomla.form.field.radio.switcher"
					label="MOD_FEED_FIELD_RSSTITLE_LABEL"
					default="1"
					filter="integer"
					>
					<option value="0">JHIDE</option>
					<option value="1">JSHOW</option>
				</field>

				<field
					name="rssdesc"
					type="radio"
					layout="joomla.form.field.radio.switcher"
					label="MOD_FEED_FIELD_DESCRIPTION_LABEL"
					default="1"
					filter="integer"
					>
					<option value="0">JHIDE</option>
					<option value="1">JSHOW</option>
				</field>

				<field
					name="rssdate"
					type="radio"
					label="MOD_FEED_FIELD_DATE_LABEL"
					layout="joomla.form.field.radio.switcher"
					default="0"
					>
					<option value="0">JNO</option>
					<option value="1">JYES</option>
				</field>

				<field
					name="rssimage"
					type="radio"
					layout="joomla.form.field.radio.switcher"
					label="MOD_FEED_FIELD_IMAGE_LABEL"
					default="1"
					filter="integer"
					>
					<option value="0">JHIDE</option>
					<option value="1">JSHOW</option>
				</field>

				<field
					name="rssitems"
					type="number"
					label="MOD_FEED_FIELD_ITEMS_LABEL"
					default="3"
					filter="integer"
					min="1"
					validate="number"
				/>

				<field
					name="rssitemdesc"
					type="radio"
					layout="joomla.form.field.radio.switcher"
					label="MOD_FEED_FIELD_ITEMDESCRIPTION_LABEL"
					default="1"
					filter="integer"
					>
					<option value="0">JHIDE</option>
					<option value="1">JSHOW</option>
				</field>

				<field
					name="rssitemdate"
					type="radio"
					label="MOD_FEED_FIELD_ITEMDATE_LABEL"
					layout="joomla.form.field.radio.switcher"
					default="0"
					filter="integer"
					>
					<option value="0">JNO</option>
					<option value="1">JYES</option>
				</field>

				<field
					name="word_count"
					type="text"
					label="MOD_FEED_FIELD_WORDCOUNT_LABEL"
					description="MOD_FEED_FIELD_WORDCOUNT_DESC"
					default="0"
					filter="integer"
				/>
			</fieldset>
			<fieldset name="advanced">
				<field
					name="layout"
					type="modulelayout"
					label="JFIELD_ALT_LAYOUT_LABEL"
					class="form-select"
					validate="moduleLayout"
				/>

				<field
					name="moduleclass_sfx"
					type="textarea"
					label="COM_MODULES_FIELD_MODULECLASS_SFX_LABEL"
					rows="3"
					validate="CssIdentifier"
				/>

				<field
					name="cache"
					type="list"
					label="COM_MODULES_FIELD_CACHING_LABEL"
					default="1"
					filter="integer"
					validate="options"
					>
					<option value="1">JGLOBAL_USE_GLOBAL</option>
					<option value="0">COM_MODULES_FIELD_VALUE_NOCACHING</option>
				</field>

				<field
					name="cache_time"
					type="number"
					label="COM_MODULES_FIELD_CACHE_TIME_LABEL"
					default="900"
					filter="integer"
				/>
			</fieldset>
		</fields>
	</config>
</extension>
