<?xml version="1.0" encoding="utf-8"?>
<extension type="module" client="site" method="upgrade">
	<name>mod_syndicate</name>
	<author>Joomla! Project</author>
	<creationDate>2006-05</creationDate>
	<copyright>(C) 2006 Open Source Matters, Inc.</copyright>
	<license>GNU General Public License version 2 or later; see LICENSE.txt</license>
	<authorEmail>admin@joomla.org</authorEmail>
	<authorUrl>www.joomla.org</authorUrl>
	<version>3.0.0</version>
	<description>MOD_SYNDICATE_XML_DESCRIPTION</description>
	<namespace path="src">Joomla\Module\Syndicate</namespace>
	<files>
		<filename module="mod_syndicate">mod_syndicate.php</filename>
		<folder>src</folder>
		<folder>tmpl</folder>
	</files>
	<languages>
		<language tag="en-GB">language/en-GB/mod_syndicate.ini</language>
		<language tag="en-GB">language/en-GB/mod_syndicate.sys.ini</language>
	</languages>
	<help key="Site_Modules:_Syndication_Feeds" />
	<config>
		<fields name="params">
			<fieldset name="basic">
				<field
					name="text"
					type="text"
					label="MOD_SYNDICATE_FIELD_TEXT_LABEL"
					description="MOD_SYNDICATE_FIELD_TEXT_DESC"
				/>

				<field
					name="display_text"
					type="radio"
					layout="joomla.form.field.radio.switcher"
					label="MOD_SYNDICATE_FIELD_DISPLAYTEXT_LABEL"
					default="1"
					filter="integer"
					>
					<option value="0">JNO</option>
					<option value="1">JYES</option>
				</field>

				<field
					name="format"
					type="list"
					label="MOD_SYNDICATE_FIELD_FORMAT_LABEL"
					default="rss"
					validate="options"
					>
					<option value="rss">MOD_SYNDICATE_FIELD_VALUE_RSS</option>
					<option value="atom">MOD_SYNDICATE_FIELD_VALUE_ATOM</option>
				</field>
			</fieldset>
			<fieldset name="advanced">
				<field
					name="layout"
					type="modulelayout"
					label="JFIELD_ALT_LAYOUT_LABEL"
					class="form-select"
					validate="moduleLayout"
				/>

				<field
					name="moduleclass_sfx"
					type="textarea"
					label="COM_MODULES_FIELD_MODULECLASS_SFX_LABEL"
					rows="3"
					validate="CssIdentifier"
				/>
			</fieldset>
		</fields>
	</config>
</extension>
