<?xml version="1.0" encoding="utf-8"?>
<extension type="module" client="site" method="upgrade">
	<name>mod_breadcrumbs</name>
	<author>Joomla! Project</author>
	<creationDate>2006-07</creationDate>
	<copyright>(C) 2006 Open Source Matters, Inc.</copyright>
	<license>GNU General Public License version 2 or later; see LICENSE.txt</license>
	<authorEmail>admin@joomla.org</authorEmail>
	<authorUrl>www.joomla.org</authorUrl>
	<version>3.0.0</version>
	<description>MOD_BREADCRUMBS_XML_DESCRIPTION</description>
	<namespace path="src">Joomla\Module\Breadcrumbs</namespace>
	<files>
		<filename module="mod_breadcrumbs">mod_breadcrumbs.php</filename>
		<folder>src</folder>
		<folder>tmpl</folder>
	</files>
	<languages>
		<language tag="en-GB">language/en-GB/mod_breadcrumbs.ini</language>
		<language tag="en-GB">language/en-GB/mod_breadcrumbs.sys.ini</language>
	</languages>
	<help key="Site_Modules:_Breadcrumbs" />
	<config>
		<fields name="params">
			<fieldset name="basic">
				<field
					name="showHere"
					type="radio"
					label="MOD_BREADCRUMBS_FIELD_SHOWHERE_LABEL"
					layout="joomla.form.field.radio.switcher"
					default="1"
					filter="integer"
					>
					<option value="0">JHIDE</option>
					<option value="1">JSHOW</option>
				</field>

				<field
					name="showHome"
					type="radio"
					label="MOD_BREADCRUMBS_FIELD_SHOWHOME_LABEL"
					layout="joomla.form.field.radio.switcher"
					default="1"
					filter="integer"
					>
					<option value="0">JHIDE</option>
					<option value="1">JSHOW</option>
				</field>

				<field
					name="homeText"
					type="text"
					label="MOD_BREADCRUMBS_FIELD_HOMETEXT_LABEL"
					description="MOD_BREADCRUMBS_FIELD_HOMETEXT_DESC"
					showon="showHome:1"
				/>

				<field
					name="showLast"
					type="radio"
					label="MOD_BREADCRUMBS_FIELD_SHOWLAST_LABEL"
					default="1"
					layout="joomla.form.field.radio.switcher"
					filter="integer"
					>
					<option value="0">JHIDE</option>
					<option value="1">JSHOW</option>
				</field>
			</fieldset>
			<fieldset name="advanced">
				<field
					name="layout"
					type="modulelayout"
					label="JFIELD_ALT_LAYOUT_LABEL"
					class="form-select"
					validate="moduleLayout"
				/>

				<field
					name="moduleclass_sfx"
					type="textarea"
					label="COM_MODULES_FIELD_MODULECLASS_SFX_LABEL"
					rows="3"
					validate="CssIdentifier"
				/>

				<field
					name="cache"
					type="list"
					label="COM_MODULES_FIELD_CACHING_LABEL"
					default="0"
					filter="integer"
					validate="options"
					>
					<option value="1">JGLOBAL_USE_GLOBAL</option>
					<option value="0">COM_MODULES_FIELD_VALUE_NOCACHING</option>
				</field>

				<field
					name="cache_time"
					type="number"
					label="COM_MODULES_FIELD_CACHE_TIME_LABEL"
					default="0"
					filter="integer"
				/>

				<field
					name="cachemode"
					type="hidden"
					default="itemid"
					>
					<option value="itemid"></option>
				</field>
			</fieldset>
		</fields>
	</config>
</extension>
