<?xml version="1.0" encoding="utf-8"?>
<extension type="module" client="site" method="upgrade">
	<name>mod_banners</name>
	<author>Joomla! Project</author>
	<creationDate>2006-07</creationDate>
	<copyright>(C) 2006 Open Source Matters, Inc.</copyright>
	<license>GNU General Public License version 2 or later; see LICENSE.txt</license>
	<authorEmail>admin@joomla.org</authorEmail>
	<authorUrl>www.joomla.org</authorUrl>
	<version>3.0.0</version>
	<description>MOD_BANNERS_XML_DESCRIPTION</description>
	<namespace path="src">Joomla\Module\Banners</namespace>
	<files>
		<filename module="mod_banners">mod_banners.php</filename>
		<folder>src</folder>
		<folder>tmpl</folder>
	</files>
	<languages>
		<language tag="en-GB">language/en-GB/mod_banners.ini</language>
		<language tag="en-GB">language/en-GB/mod_banners.sys.ini</language>
	</languages>
	<help key="Site_Modules:_Banners" />
	<config>
		<fields name="params">
			<fieldset
				name="basic"
				addfieldprefix="Joomla\Component\Banners\Administrator\Field"
				>

				<field
					name="target"
					type="list"
					label="MOD_BANNERS_FIELD_TARGET_LABEL"
					default="1"
					filter="integer"
					validate="options"
					>
					<option value="0">JBROWSERTARGET_PARENT</option>
					<option value="1">JBROWSERTARGET_NEW</option>
					<option value="2">JBROWSERTARGET_POPUP</option>
				</field>

				<field
					name="count"
					type="number"
					label="MOD_BANNERS_FIELD_COUNT_LABEL"
					description="MOD_BANNERS_FIELD_COUNT_DESC"
					default="5"
					filter="integer"
					class="validate-numeric"
					min="1"
					validate="number"
				/>

				<field
					name="cid"
					type="bannerclient"
					label="MOD_BANNERS_FIELD_BANNERCLIENT_LABEL"
					description="MOD_BANNERS_FIELD_BANNERCLIENT_DESC"
					filter="integer"
				/>

				<field
					name="catid"
					type="category"
					label="JCATEGORY"
					extension="com_banners"
					multiple="true"
					filter="intarray"
					class="multipleCategories"
					layout="joomla.form.field.list-fancy-select"
				/>

				<field
					name="tag_search"
					type="radio"
					layout="joomla.form.field.radio.switcher"
					label="MOD_BANNERS_FIELD_TAG_LABEL"
					default="0"
					filter="integer"
					>
					<option value="0">JNO</option>
					<option value="1">JYES</option>
				</field>

				<field
					name="ordering"
					type="list"
					label="MOD_BANNERS_FIELD_RANDOMISE_LABEL"
					default="0"
					validate="options"
					>
					<option value="0">MOD_BANNERS_VALUE_STICKYORDERING</option>
					<option value="random">MOD_BANNERS_VALUE_STICKYRANDOMISE</option>
				</field>

				<field
					name="header_text"
					type="textarea"
					label="MOD_BANNERS_FIELD_HEADER_LABEL"
					filter="safehtml"
					rows="3"
					cols="40"
				/>

				<field
					name="footer_text"
					type="textarea"
					label="MOD_BANNERS_FIELD_FOOTER_LABEL"
					filter="safehtml"
					rows="3"
					cols="40"
				/>
			</fieldset>
			<fieldset name="advanced">
				<field
					name="layout"
					type="modulelayout"
					label="JFIELD_ALT_LAYOUT_LABEL"
					class="form-select"
					validate="moduleLayout"
				/>

				<field
					name="moduleclass_sfx"
					type="textarea"
					label="COM_MODULES_FIELD_MODULECLASS_SFX_LABEL"
					rows="3"
					validate="CssIdentifier"
				/>

				<field
					name="cache"
					type="list"
					label="COM_MODULES_FIELD_CACHING_LABEL"
					default="1"
					filter="integer"
					validate="options"
					>
					<option value="1">JGLOBAL_USE_GLOBAL</option>
					<option value="0">COM_MODULES_FIELD_VALUE_NOCACHING</option>
				</field>

				<field
					name="cache_time"
					type="number"
					label="COM_MODULES_FIELD_CACHE_TIME_LABEL"
					default="900"
					filter="integer"
				/>
			</fieldset>
		</fields>
	</config>
</extension>
