{
  "$schema": "https://developer.joomla.org/schemas/json-schema/web_assets.json",
  "name": "com_contenthistory",
  "version": "4.0.0",
  "description": "Joomla CMS",
  "license": "GPL-2.0-or-later",
  "assets": [
    {
      "name": "com_contenthistory.admin-compare-compare.es5",
      "type": "script",
      "uri": "com_contenthistory/admin-compare-compare-es5.min.js",
      "dependencies": [
        "core",
        "diff"
      ],
      "attributes": {
        "nomodule": true,
        "defer": true
      },
      "version": "1ed7354765d7e01a9e5103c96fab373e441ba895"
    },
    {
      "name": "com_contenthistory.admin-compare-compare",
      "type": "script",
      "uri": "com_contenthistory/admin-compare-compare.min.js",
      "dependencies": [
        "com_contenthistory.admin-compare-compare.es5"
      ],
      "attributes": {
        "type": "module"
      },
      "version": "77bfdee1f9f8ec27feaa6e2d442118f8fa02897f"
    },
    {
      "name": "com_contenthistory.admin-history-modal.es5",
      "type": "script",
      "uri": "com_contenthistory/admin-history-modal-es5.min.js",
      "dependencies": [
        "core"
      ],
      "attributes": {
        "nomodule": true,
        "defer": true
      },
      "version": "5efd03ad95eb8b150f0c980e35073b4e77e995e9"
    },
    {
      "name": "com_contenthistory.admin-history-versions",
      "type": "script",
      "uri": "com_contenthistory/admin-history-versions.min.js",
      "dependencies": [
        "com_contenthistory.admin-history-versions.es5"
      ],
      "attributes": {
        "type": "module"
      },
      "version": "8f9a51f762f8de8053efed6ce1af27696076cc4b"
    },
    {
      "name": "com_contenthistory.admin-history-modal",
      "type": "script",
      "uri": "com_contenthistory/admin-history-modal.min.js",
      "dependencies": [
        "com_contenthistory.admin-history-modal.es5"
      ],
      "attributes": {
        "type": "module"
      },
      "version": "ff71d5500b2b05ce7011a513cc50b8e47b6ce961"
    },
    {
      "name": "com_contenthistory.admin-history-versions.es5",
      "type": "script",
      "uri": "com_contenthistory/admin-history-versions-es5.min.js",
      "dependencies": [
        "core"
      ],
      "attributes": {
        "nomodule": true,
        "defer": true
      },
      "version": "28ad9360a6c9edc1da2fd18e633966726a4e26e3"
    }
  ]
}