<?xml version="1.0" encoding="utf-8"?>
<extension type="module" client="site" method="upgrade">
	<name>mod_menu</name>
	<author>Joomla! Project</author>
	<creationDate>2004-07</creationDate>
	<copyright>(C) 2005 Open Source Matters, Inc.</copyright>
	<license>GNU General Public License version 2 or later; see LICENSE.txt</license>
	<authorEmail>admin@joomla.org</authorEmail>
	<authorUrl>www.joomla.org</authorUrl>
	<version>3.0.0</version>
	<description>MOD_MENU_XML_DESCRIPTION</description>
	<namespace path="src">Joomla\Module\Menu</namespace>
	<files>
		<filename module="mod_menu">mod_menu.php</filename>
		<folder>src</folder>
		<folder>tmpl</folder>
	</files>
	<languages>
		<language tag="en-GB">language/en-GB/mod_menu.ini</language>
		<language tag="en-GB">language/en-GB/mod_menu.sys.ini</language>
	</languages>
	<help key="Site_Modules:_Menu" />
	<config>
		<fields name="params">
			<fieldset name="basic" addfieldprefix="Joomla\Component\Menus\Administrator\Field">
				<field
					name="menutype"
					type="menu"
					label="MOD_MENU_FIELD_MENUTYPE_LABEL"
					clientid="0"
				/>

				<field
					name="base"
					type="modal_menu"
					label="MOD_MENU_FIELD_ACTIVE_LABEL"
					select="true"
					new="true"
					edit="true"
					clear="true"
					filter="integer"
					>
					<option value="">JCURRENT</option>
				</field>

				<field
					name="startLevel"
					type="list"
					label="MOD_MENU_FIELD_STARTLEVEL_LABEL"
					default="1"
					filter="integer"
					validate="options"
					>
					<option value="1">J1</option>
					<option value="2">J2</option>
					<option value="3">J3</option>
					<option value="4">J4</option>
					<option value="5">J5</option>
					<option value="6">J6</option>
					<option value="7">J7</option>
					<option value="8">J8</option>
					<option value="9">J9</option>
					<option value="10">J10</option>
				</field>

				<field
					name="endLevel"
					type="list"
					label="MOD_MENU_FIELD_ENDLEVEL_LABEL"
					default="0"
					filter="integer"
					validate="options"
					>
					<option value="0">JALL</option>
					<option value="1">J1</option>
					<option value="2">J2</option>
					<option value="3">J3</option>
					<option value="4">J4</option>
					<option value="5">J5</option>
					<option value="6">J6</option>
					<option value="7">J7</option>
					<option value="8">J8</option>
					<option value="9">J9</option>
					<option value="10">J10</option>
				</field>

				<field
					name="showAllChildren"
					type="radio"
					layout="joomla.form.field.radio.switcher"
					label="MOD_MENU_FIELD_ALLCHILDREN_LABEL"
					default="1"
					filter="integer"
					>
					<option value="0">JHIDE</option>
					<option value="1">JSHOW</option>
				</field>
			</fieldset>

			<fieldset name="advanced">
				<field
					name="tag_id"
					type="text"
					label="MOD_MENU_FIELD_TAG_ID_LABEL"
				/>

				<field
					name="class_sfx"
					type="text"
					label="MOD_MENU_FIELD_CLASS_LABEL"
					validate="CssIdentifier"
				/>

				<field
					name="window_open"
					type="text"
					label="MOD_MENU_FIELD_TARGET_LABEL"
					description="MOD_MENU_FIELD_TARGET_DESC"
				/>

				<field
					name="layout"
					type="modulelayout"
					label="JFIELD_ALT_LAYOUT_LABEL"
					class="form-select"
					default="_:default"
					validate="moduleLayout"
				/>

				<field
					name="moduleclass_sfx"
					type="textarea"
					label="COM_MODULES_FIELD_MODULECLASS_SFX_LABEL"
					rows="3"
					validate="CssIdentifier"
				/>

				<field
					name="cache"
					type="list"
					label="COM_MODULES_FIELD_CACHING_LABEL"
					default="1"
					filter="integer"
					validate="options"
					>
					<option value="1">JGLOBAL_USE_GLOBAL</option>
					<option value="0">COM_MODULES_FIELD_VALUE_NOCACHING</option>
				</field>

				<field
					name="cache_time"
					type="number"
					label="COM_MODULES_FIELD_CACHE_TIME_LABEL"
					default="900"
					filter="integer"
				/>

				<field
					name="cachemode"
					type="hidden"
					default="itemid"
					>
					<option value="itemid"></option>
				</field>
			</fieldset>
		</fields>
	</config>
</extension>
