{
  "$schema": "https://developer.joomla.org/schemas/json-schema/web_assets.json",
  "name": "joomla",
  "version": "4.0.0",
  "description": "Joomla CMS",
  "license": "GPL-2.0-or-later",
  "assets": [
    {
      "name": "jquery-noconflict",
      "type": "script",
      "dependencies": [
        "jquery"
      ],
      "uri": "legacy/jquery-noconflict.min.js",
      "version": "04499b98c0305b16b373dff09fe79d1290976288"
    },
    {
      "name": "joomla.treeselectmenu",
      "type": "script",
      "dependencies": [
        "jquery"
      ],
      "uri": "legacy/treeselectmenu.min.js",
      "attributes": {
        "defer": true
      },
      "version": "16df8e6b7e30feee352d25aae16088a670c04fd4"
    }
  ]
}