Column,Type,Size,Fuzzed,XSS,Token
joomla_action_log_config.type_title,varchar,255,True,False,False
joomla_action_log_config.type_alias,varchar,255,True,False,False
joomla_action_log_config.id_holder,varchar,255,True,False,False
joomla_action_log_config.title_holder,varchar,255,True,False,True
joomla_action_log_config.table_name,varchar,255,True,False,False
joomla_action_log_config.text_prefix,varchar,255,True,False,False
joomla_action_logs.message_language_key,varchar,255,True,True,True
joomla_action_logs.message,text,,True,False,False
joomla_action_logs.extension,varchar,50,True,False,False
joomla_action_logs.ip_address,varchar,40,True,False,False
joomla_action_logs_extensions.extension,varchar,255,True,False,False
joomla_action_logs_users.extensions,text,,True,False,False
joomla_assets.name,varchar,50,True,False,True
joomla_assets.title,varchar,100,True,False,False
joomla_assets.rules,varchar,5120,True,False,False
joomla_associations.context,varchar,50,True,False,False
joomla_associations.key,char,32,True,False,False
joomla_banner_clients.name,varchar,255,True,False,True
joomla_banner_clients.contact,varchar,255,True,False,False
joomla_banner_clients.email,varchar,255,True,False,False
joomla_banner_clients.extrainfo,text,,True,False,False
joomla_banner_clients.metakey,text,,True,False,False
joomla_banner_clients.metakey_prefix,varchar,400,True,False,False
joomla_banners.name,varchar,255,True,False,True
joomla_banners.alias,varchar,400,True,False,True
joomla_banners.clickurl,varchar,200,True,False,False
joomla_banners.description,text,,True,False,False
joomla_banners.custombannercode,varchar,2048,True,False,False
joomla_banners.metakey,text,,True,False,False
joomla_banners.params,text,,True,False,False
joomla_banners.metakey_prefix,varchar,400,True,False,False
joomla_banners.language,char,7,False,False,False
joomla_banners.created_by_alias,varchar,255,True,False,False
joomla_categories.path,varchar,400,True,False,False
joomla_categories.extension,varchar,50,True,False,False
joomla_categories.title,varchar,255,True,False,True
joomla_categories.alias,varchar,400,True,False,False
joomla_categories.note,varchar,255,True,False,False
joomla_categories.description,mediumtext,,True,False,False
joomla_categories.params,text,,True,False,False
joomla_categories.metadesc,varchar,1024,True,False,False
joomla_categories.metakey,varchar,1024,True,False,False
joomla_categories.metadata,varchar,2048,True,False,False
joomla_categories.language,char,7,False,False,False
joomla_contact_details.name,varchar,255,True,False,True
joomla_contact_details.alias,varchar,400,True,False,True
joomla_contact_details.con_position,varchar,255,True,False,False
joomla_contact_details.address,text,,True,False,False
joomla_contact_details.suburb,varchar,100,True,False,False
joomla_contact_details.state,varchar,100,True,False,False
joomla_contact_details.country,varchar,100,True,False,False
joomla_contact_details.postcode,varchar,100,True,False,False
joomla_contact_details.telephone,varchar,255,True,False,False
joomla_contact_details.fax,varchar,255,True,False,False
joomla_contact_details.misc,mediumtext,,True,False,False
joomla_contact_details.image,varchar,255,True,False,False
joomla_contact_details.email_to,varchar,255,True,False,False
joomla_contact_details.params,text,,True,False,False
joomla_contact_details.mobile,varchar,255,True,False,False
joomla_contact_details.webpage,varchar,255,True,False,False
joomla_contact_details.sortname1,varchar,255,True,False,False
joomla_contact_details.sortname2,varchar,255,True,False,False
joomla_contact_details.sortname3,varchar,255,True,False,False
joomla_contact_details.language,varchar,7,False,False,False
joomla_contact_details.created_by_alias,varchar,255,True,False,False
joomla_contact_details.metakey,text,,True,False,False
joomla_contact_details.metadesc,text,,True,False,False
joomla_contact_details.metadata,text,,True,False,False
joomla_content.title,varchar,255,True,False,False
joomla_content.alias,varchar,400,True,False,False
joomla_content.introtext,mediumtext,,True,False,True
joomla_content.fulltext,mediumtext,,True,False,False
joomla_content.created_by_alias,varchar,255,True,False,False
joomla_content.images,text,,True,False,False
joomla_content.urls,text,,True,False,False
joomla_content.attribs,varchar,5120,True,False,False
joomla_content.metakey,text,,True,False,False
joomla_content.metadesc,text,,True,False,False
joomla_content.metadata,text,,True,False,False
joomla_content.language,char,7,False,False,False
joomla_content.note,varchar,255,True,False,False
joomla_content_rating.lastip,varchar,50,True,False,False
joomla_content_types.type_title,varchar,255,True,False,False
joomla_content_types.type_alias,varchar,400,True,False,False
joomla_content_types.table,varchar,2048,True,False,False
joomla_content_types.rules,text,,True,False,False
joomla_content_types.field_mappings,text,,True,False,False
joomla_content_types.router,varchar,255,True,False,False
joomla_content_types.content_history_options,varchar,5120,True,False,False
joomla_contentitem_tag_map.type_alias,varchar,255,True,False,False
joomla_extensions.name,varchar,100,True,True,True
joomla_extensions.type,varchar,20,False,False,False
joomla_extensions.element,varchar,100,True,False,True
joomla_extensions.changelogurl,text,,True,False,False
joomla_extensions.folder,varchar,100,True,True,True
joomla_extensions.manifest_cache,text,,True,False,False
joomla_extensions.params,text,,True,False,True
joomla_extensions.custom_data,text,,True,False,False
joomla_extensions.note,varchar,255,True,False,True
joomla_fields.context,varchar,255,True,False,False
joomla_fields.title,varchar,255,True,False,False
joomla_fields.name,varchar,255,True,False,False
joomla_fields.label,varchar,255,True,False,False
joomla_fields.default_value,text,,True,False,False
joomla_fields.type,varchar,255,True,False,False
joomla_fields.note,varchar,255,True,False,False
joomla_fields.description,text,,True,False,False
joomla_fields.params,text,,True,False,False
joomla_fields.fieldparams,text,,True,False,False
joomla_fields.language,char,7,False,False,False
joomla_fields_groups.context,varchar,255,True,False,False
joomla_fields_groups.title,varchar,255,True,False,False
joomla_fields_groups.note,varchar,255,True,False,False
joomla_fields_groups.description,text,,True,False,False
joomla_fields_groups.params,text,,True,False,False
joomla_fields_groups.language,char,7,False,False,False
joomla_fields_values.item_id,varchar,255,True,False,False
joomla_fields_values.value,text,,True,False,False
joomla_finder_filters.title,varchar,255,True,False,False
joomla_finder_filters.alias,varchar,255,True,False,False
joomla_finder_filters.created_by_alias,varchar,255,True,False,False
joomla_finder_filters.data,text,,True,False,False
joomla_finder_filters.params,mediumtext,,True,False,False
joomla_finder_links.url,varchar,255,True,True,True
joomla_finder_links.route,varchar,400,True,False,False
joomla_finder_links.title,varchar,400,True,False,True
joomla_finder_links.description,text,,True,False,False
joomla_finder_links.md5sum,varchar,32,True,False,False
joomla_finder_links.language,char,7,False,False,False
joomla_finder_links.object,mediumblob,,True,False,False
joomla_finder_logging.searchterm,varchar,255,True,False,False
joomla_finder_logging.md5sum,varchar,32,True,False,False
joomla_finder_logging.query,blob,,True,False,False
joomla_finder_taxonomy.path,varchar,400,True,False,False
joomla_finder_taxonomy.title,varchar,255,True,False,False
joomla_finder_taxonomy.alias,varchar,400,True,False,False
joomla_finder_taxonomy.language,char,7,False,False,False
joomla_finder_terms.term,varchar,75,True,False,False
joomla_finder_terms.stem,varchar,75,True,False,False
joomla_finder_terms.soundex,varchar,75,True,False,False
joomla_finder_terms.language,char,7,False,False,False
joomla_finder_terms_common.term,varchar,75,True,False,False
joomla_finder_terms_common.language,char,7,False,False,False
joomla_finder_tokens.term,varchar,75,True,False,False
joomla_finder_tokens.stem,varchar,75,True,False,False
joomla_finder_tokens.language,char,7,False,False,False
joomla_finder_tokens_aggregate.term,varchar,75,True,False,False
joomla_finder_tokens_aggregate.stem,varchar,75,True,False,False
joomla_finder_tokens_aggregate.language,char,7,False,False,False
joomla_finder_types.title,varchar,100,True,True,True
joomla_finder_types.mime,varchar,100,True,False,False
joomla_history.item_id,varchar,50,True,False,False
joomla_history.version_note,varchar,255,True,False,False
joomla_history.sha1_hash,varchar,50,True,False,False
joomla_history.version_data,mediumtext,,True,False,False
joomla_languages.lang_code,char,7,False,False,False
joomla_languages.title,varchar,50,True,False,False
joomla_languages.title_native,varchar,50,True,False,False
joomla_languages.sef,varchar,50,True,False,False
joomla_languages.image,varchar,50,True,False,False
joomla_languages.description,varchar,512,True,False,False
joomla_languages.metakey,text,,True,False,False
joomla_languages.metadesc,text,,True,False,True
joomla_languages.sitename,varchar,1024,True,False,False
joomla_mail_templates.template_id,varchar,127,True,False,False
joomla_mail_templates.extension,varchar,127,True,False,False
joomla_mail_templates.language,char,7,False,False,False
joomla_mail_templates.subject,varchar,255,True,False,False
joomla_mail_templates.body,text,,True,False,False
joomla_mail_templates.htmlbody,mediumtext,,True,False,False
joomla_mail_templates.attachments,text,,True,False,False
joomla_mail_templates.params,text,,True,False,False
joomla_menu.menutype,varchar,24,False,False,False
joomla_menu.title,varchar,255,True,True,True
joomla_menu.alias,varchar,400,True,False,False
joomla_menu.note,varchar,255,True,False,False
joomla_menu.path,varchar,1024,True,False,False
joomla_menu.link,varchar,1024,True,True,True
joomla_menu.type,varchar,16,False,False,False
joomla_menu.img,varchar,255,True,False,False
joomla_menu.params,text,,True,False,False
joomla_menu.language,char,7,False,False,False
joomla_menu_types.menutype,varchar,24,False,False,False
joomla_menu_types.title,varchar,48,True,True,True
joomla_menu_types.description,varchar,255,True,False,True
joomla_messages.subject,varchar,255,True,False,False
joomla_messages.message,text,,True,False,False
joomla_messages_cfg.cfg_name,varchar,100,True,False,False
joomla_messages_cfg.cfg_value,varchar,255,True,False,False
joomla_modules.title,varchar,100,True,True,True
joomla_modules.note,varchar,255,True,False,False
joomla_modules.content,text,,True,False,False
joomla_modules.position,varchar,50,True,False,True
joomla_modules.module,varchar,50,True,False,False
joomla_modules.params,text,,True,False,False
joomla_modules.language,char,7,False,False,False
joomla_newsfeeds.name,varchar,100,True,False,True
joomla_newsfeeds.alias,varchar,400,True,False,True
joomla_newsfeeds.link,varchar,2048,True,False,False
joomla_newsfeeds.language,char,7,False,False,False
joomla_newsfeeds.params,text,,True,False,False
joomla_newsfeeds.created_by_alias,varchar,255,True,False,False
joomla_newsfeeds.metakey,text,,True,False,False
joomla_newsfeeds.metadesc,text,,True,False,False
joomla_newsfeeds.metadata,text,,True,False,False
joomla_newsfeeds.description,text,,True,False,False
joomla_newsfeeds.images,text,,True,False,False
joomla_overrider.constant,varchar,255,True,False,False
joomla_overrider.string,text,,True,False,False
joomla_overrider.file,varchar,255,True,False,False
joomla_postinstall_messages.title_key,varchar,255,True,False,False
joomla_postinstall_messages.description_key,varchar,255,True,False,False
joomla_postinstall_messages.action_key,varchar,255,True,False,False
joomla_postinstall_messages.language_extension,varchar,255,True,False,False
joomla_postinstall_messages.type,varchar,10,False,False,False
joomla_postinstall_messages.action_file,varchar,255,True,False,False
joomla_postinstall_messages.action,varchar,255,True,False,False
joomla_postinstall_messages.condition_file,varchar,255,True,False,False
joomla_postinstall_messages.condition_method,varchar,255,True,False,False
joomla_postinstall_messages.version_introduced,varchar,50,True,False,False
joomla_privacy_consents.subject,varchar,255,True,False,False
joomla_privacy_consents.body,text,,True,False,False
joomla_privacy_consents.token,varchar,100,True,False,False
joomla_privacy_requests.email,varchar,100,True,False,False
joomla_privacy_requests.request_type,varchar,25,False,False,False
joomla_privacy_requests.confirm_token,varchar,100,True,False,False
joomla_redirect_links.old_url,varchar,2048,True,False,False
joomla_redirect_links.new_url,varchar,2048,True,False,False
joomla_redirect_links.referer,varchar,2048,True,False,False
joomla_redirect_links.comment,varchar,255,True,False,False
joomla_scheduler_tasks.title,varchar,255,True,False,False
joomla_scheduler_tasks.type,varchar,128,True,False,False
joomla_scheduler_tasks.execution_rules,text,,True,False,False
joomla_scheduler_tasks.cron_rules,text,,True,False,False
joomla_scheduler_tasks.params,text,,True,False,False
joomla_scheduler_tasks.note,text,,True,False,False
joomla_schemas.version_id,varchar,20,False,False,False
joomla_session.session_id,varbinary,192,True,False,False
joomla_session.data,mediumtext,,True,False,False
joomla_session.username,varchar,150,True,False,False
joomla_tags.path,varchar,400,True,False,False
joomla_tags.title,varchar,255,True,False,False
joomla_tags.alias,varchar,400,True,False,False
joomla_tags.note,varchar,255,True,False,False
joomla_tags.description,mediumtext,,True,False,False
joomla_tags.params,text,,True,False,False
joomla_tags.metadesc,varchar,1024,True,False,False
joomla_tags.metakey,varchar,1024,True,False,False
joomla_tags.metadata,varchar,2048,True,False,False
joomla_tags.created_by_alias,varchar,255,True,False,False
joomla_tags.images,text,,True,False,False
joomla_tags.urls,text,,True,False,False
joomla_tags.language,char,7,False,False,False
joomla_template_overrides.template,varchar,50,True,False,False
joomla_template_overrides.hash_id,varchar,255,True,False,False
joomla_template_overrides.action,varchar,50,True,False,False
joomla_template_styles.template,varchar,50,True,False,False
joomla_template_styles.home,char,7,False,False,False
joomla_template_styles.title,varchar,255,True,False,False
joomla_template_styles.parent,varchar,50,True,False,False
joomla_template_styles.params,text,,True,False,False
joomla_ucm_content.core_type_alias,varchar,400,True,False,False
joomla_ucm_content.core_title,varchar,400,True,False,False
joomla_ucm_content.core_alias,varchar,400,True,False,False
joomla_ucm_content.core_body,mediumtext,,True,False,False
joomla_ucm_content.core_params,text,,True,False,False
joomla_ucm_content.core_metadata,varchar,2048,True,False,False
joomla_ucm_content.core_created_by_alias,varchar,255,True,False,False
joomla_ucm_content.core_language,char,7,False,False,False
joomla_ucm_content.core_images,text,,True,False,False
joomla_ucm_content.core_urls,text,,True,False,False
joomla_ucm_content.core_metakey,text,,True,False,False
joomla_ucm_content.core_metadesc,text,,True,False,False
joomla_update_sites.name,varchar,100,True,False,False
joomla_update_sites.type,varchar,20,False,False,False
joomla_update_sites.location,text,,True,False,False
joomla_update_sites.extra_query,varchar,1000,True,False,False
joomla_updates.name,varchar,100,True,False,False
joomla_updates.description,text,,True,False,False
joomla_updates.element,varchar,100,True,False,False
joomla_updates.type,varchar,20,False,False,False
joomla_updates.folder,varchar,20,False,False,False
joomla_updates.version,varchar,32,True,False,False
joomla_updates.data,text,,True,False,False
joomla_updates.detailsurl,text,,True,False,False
joomla_updates.infourl,text,,True,False,False
joomla_updates.changelogurl,text,,True,False,False
joomla_updates.extra_query,varchar,1000,True,False,False
joomla_user_keys.user_id,varchar,150,True,False,False
joomla_user_keys.token,varchar,255,True,False,False
joomla_user_keys.series,varchar,191,True,False,False
joomla_user_keys.time,varchar,200,True,False,False
joomla_user_keys.uastring,varchar,255,True,False,False
joomla_user_mfa.title,varchar,255,True,False,False
joomla_user_mfa.method,varchar,100,True,False,False
joomla_user_mfa.options,mediumtext,,True,False,False
joomla_user_notes.subject,varchar,100,True,False,False
joomla_user_notes.body,text,,True,False,False
joomla_user_profiles.profile_key,varchar,100,True,False,False
joomla_user_profiles.profile_value,text,,True,False,False
joomla_usergroups.title,varchar,100,True,False,False
joomla_users.name,varchar,400,True,False,False
joomla_users.username,varchar,150,True,False,False
joomla_users.email,varchar,100,True,False,False
joomla_users.password,varchar,100,True,False,False
joomla_users.activation,varchar,100,True,False,False
joomla_users.params,text,,True,False,False
joomla_users.otpKey,varchar,1000,True,False,False
joomla_users.otep,varchar,1000,True,False,False
joomla_users.authProvider,varchar,100,True,False,False
joomla_viewlevels.title,varchar,100,True,False,False
joomla_viewlevels.rules,varchar,5120,True,False,False
joomla_webauthn_credentials.id,varchar,1000,True,False,False
joomla_webauthn_credentials.user_id,varchar,128,True,False,False
joomla_webauthn_credentials.label,varchar,190,True,False,False
joomla_webauthn_credentials.credential,mediumtext,,True,False,False
joomla_workflow_associations.extension,varchar,50,True,False,False
joomla_workflow_stages.title,varchar,255,True,False,False
joomla_workflow_stages.description,text,,True,False,False
joomla_workflow_transitions.title,varchar,255,True,False,False
joomla_workflow_transitions.description,text,,True,False,False
joomla_workflow_transitions.options,text,,True,False,False
joomla_workflows.title,varchar,255,True,False,False
joomla_workflows.description,text,,True,False,False
joomla_workflows.extension,varchar,50,True,False,False
