<?xml version="1.0" encoding="utf-8"?>
<extension type="module" client="site" method="upgrade">
	<name>mod_users_latest</name>
	<author>Joomla! Project</author>
	<creationDate>2009-12</creationDate>
	<copyright>(C) 2009 Open Source Matters, Inc.</copyright>
	<license>GNU General Public License version 2 or later; see LICENSE.txt</license>
	<authorEmail>admin@joomla.org</authorEmail>
	<authorUrl>www.joomla.org</authorUrl>
	<version>3.0.0</version>
	<description>MOD_USERS_LATEST_XML_DESCRIPTION</description>
	<namespace path="src">Joomla\Module\UsersLatest</namespace>
	<files>
		<filename module="mod_users_latest">mod_users_latest.php</filename>
		<folder>src</folder>
		<folder>tmpl</folder>
	</files>
	<languages>
		<language tag="en-GB">language/en-GB/mod_users_latest.ini</language>
		<language tag="en-GB">language/en-GB/mod_users_latest.sys.ini</language>
	</languages>
	<help key="Site_Modules:_Latest_Users" />
	<config>
		<fields name="params">
			<fieldset name="basic">
				<field
					name="shownumber"
					type="number"
					label="MOD_USERS_LATEST_FIELD_NUMBER_LABEL"
					default="5"
					filter="integer"
					min="1"
					validate="number"
				/>

				<field
					name="filter_groups"
					type="radio"
					label="MOD_USERS_LATEST_FIELD_FILTER_GROUPS_LABEL"
					layout="joomla.form.field.radio.switcher"
					default="0"
					filter="integer"
					>
					<option value="0">JNO</option>
					<option value="1">JYES</option>
				</field>
			</fieldset>
			<fieldset name="advanced">
				<field
					name="layout"
					type="modulelayout"
					label="JFIELD_ALT_LAYOUT_LABEL"
					class="form-select"
					validate="moduleLayout"
				/>

				<field
					name="moduleclass_sfx"
					type="textarea"
					label="COM_MODULES_FIELD_MODULECLASS_SFX_LABEL"
					rows="3"
					validate="CssIdentifier"
				/>

				<field
					name="cache"
					type="list"
					label="COM_MODULES_FIELD_CACHING_LABEL"
					default="1"
					filter="integer"
					validate="options"
					>
					<option value="1">JGLOBAL_USE_GLOBAL</option>
					<option value="0">COM_MODULES_FIELD_VALUE_NOCACHING</option>
				</field>

				<field
					name="cache_time"
					type="number"
					label="COM_MODULES_FIELD_CACHE_TIME_LABEL"
					default="900"
					filter="integer"
				/>

				<field
					name="cachemode"
					type="hidden"
					default="static"
					>
					<option value="static"></option>
				</field>
			</fieldset>
		</fields>
	</config>
</extension>
