{
  "$schema": "https://developer.joomla.org/schemas/json-schema/web_assets.json",
  "name": "com_mails",
  "version": "4.0.0",
  "description": "Joomla CMS",
  "license": "GPL-2.0-or-later",
  "assets": [
    {
      "name": "com_mails.admin-email-template-edit",
      "type": "script",
      "uri": "com_mails/admin-email-template-edit.min.js",
      "dependencies": [
        "com_mails.admin-email-template-edit.es5"
      ],
      "attributes": {
        "type": "module"
      },
      "version": "9e536a74a4b0dd2667dcd1d4b777f9727a7bcefb"
    },
    {
      "name": "com_mails.admin-email-template-edit.es5",
      "type": "script",
      "uri": "com_mails/admin-email-template-edit-es5.min.js",
      "dependencies": [
        "core"
      ],
      "attributes": {
        "nomodule": true,
        "defer": true
      },
      "version": "f2db3a03a64fc649f644f841556439b386f38c43"
    }
  ]
}