Column,Type,Size,Fuzzed,XSS,Token
oc_address.firstname,varchar,32,True,False,False
oc_address.lastname,varchar,32,True,False,False
oc_address.company,varchar,60,True,False,False
oc_address.address_1,varchar,128,True,False,False
oc_address.address_2,varchar,128,True,False,False
oc_address.city,varchar,128,True,False,False
oc_address.custom_field,text,,True,False,False
oc_address_format.name,varchar,128,True,False,False
oc_address_format.address_format,text,,True,False,False
oc_api.username,varchar,64,True,False,False
oc_api.key,text,,True,False,False
oc_api_ip.ip,varchar,40,True,False,False
oc_api_session.session_id,varchar,32,True,False,False
oc_api_session.ip,varchar,40,True,False,False
oc_attribute_description.name,varchar,64,True,False,False
oc_attribute_group_description.name,varchar,64,True,False,False
oc_banner.name,varchar,64,True,False,False
oc_banner_image.title,varchar,64,True,True,True
oc_banner_image.link,varchar,255,True,True,True
oc_banner_image.image,varchar,255,True,False,False
oc_cart.session_id,varchar,32,True,False,False
oc_cart.option,text,,True,False,False
oc_category.image,varchar,255,True,False,False
oc_category_description.name,varchar,255,True,True,True
oc_category_description.description,text,,True,False,False
oc_category_description.meta_title,varchar,255,True,False,False
oc_category_description.meta_description,varchar,255,True,False,False
oc_category_description.meta_keyword,varchar,255,True,False,False
oc_country.name,varchar,128,True,False,False
oc_coupon.name,varchar,128,True,False,False
oc_cron.code,varchar,128,True,False,False
oc_cron.description,text,,True,False,False
oc_cron.action,text,,True,False,False
oc_currency.title,varchar,32,True,False,False
oc_custom_field.type,varchar,32,True,False,False
oc_custom_field.value,text,,True,False,False
oc_custom_field.validation,varchar,255,True,False,False
oc_custom_field_description.name,varchar,128,True,False,False
oc_custom_field_value_description.name,varchar,128,True,False,False
oc_customer.firstname,varchar,32,True,False,False
oc_customer.lastname,varchar,32,True,False,False
oc_customer.email,varchar,96,True,False,False
oc_customer.telephone,varchar,32,True,False,False
oc_customer.password,varchar,255,True,False,False
oc_customer.custom_field,text,,True,False,False
oc_customer.ip,varchar,40,True,False,False
oc_customer.token,text,,True,False,False
oc_customer.code,varchar,40,True,False,False
oc_customer_activity.key,varchar,64,True,False,False
oc_customer_activity.data,text,,True,False,False
oc_customer_activity.ip,varchar,40,True,False,False
oc_customer_affiliate.company,varchar,60,True,False,False
oc_customer_affiliate.website,varchar,255,True,False,False
oc_customer_affiliate.tracking,varchar,64,True,False,False
oc_customer_affiliate.tax,varchar,64,True,False,False
oc_customer_affiliate.cheque,varchar,100,True,False,False
oc_customer_affiliate.paypal,varchar,64,True,False,False
oc_customer_affiliate.bank_name,varchar,64,True,False,False
oc_customer_affiliate.bank_branch_number,varchar,64,True,False,False
oc_customer_affiliate.bank_swift_code,varchar,64,True,False,False
oc_customer_affiliate.bank_account_name,varchar,64,True,False,False
oc_customer_affiliate.bank_account_number,varchar,64,True,False,False
oc_customer_affiliate.custom_field,text,,True,False,False
oc_customer_affiliate_report.ip,varchar,40,True,False,False
oc_customer_group_description.name,varchar,32,True,False,False
oc_customer_group_description.description,text,,True,False,False
oc_customer_history.comment,text,,True,False,False
oc_customer_ip.ip,varchar,40,True,False,False
oc_customer_login.email,varchar,96,True,False,False
oc_customer_login.ip,varchar,40,True,False,False
oc_customer_online.ip,varchar,40,True,False,False
oc_customer_online.url,text,,True,False,False
oc_customer_online.referer,text,,True,False,False
oc_customer_payment.name,varchar,32,True,False,False
oc_customer_payment.image,varchar,255,True,False,False
oc_customer_payment.type,varchar,64,True,False,False
oc_customer_payment.extension,varchar,255,True,False,False
oc_customer_payment.code,varchar,32,True,False,False
oc_customer_payment.token,varchar,96,True,False,False
oc_customer_reward.description,text,,True,False,False
oc_customer_search.keyword,varchar,255,True,False,False
oc_customer_search.ip,varchar,40,True,False,False
oc_customer_transaction.description,text,,True,False,False
oc_download.filename,varchar,160,True,False,False
oc_download.mask,varchar,128,True,False,False
oc_download_description.name,varchar,64,True,False,False
oc_download_report.ip,varchar,40,True,False,False
oc_event.code,varchar,128,True,False,False
oc_event.description,text,,True,False,False
oc_event.trigger,text,,True,False,False
oc_event.action,text,,True,False,False
oc_extension.extension,varchar,255,True,False,False
oc_extension.type,varchar,32,True,False,False
oc_extension.code,varchar,128,True,False,False
oc_extension_install.name,varchar,128,True,False,False
oc_extension_install.code,varchar,255,True,False,False
oc_extension_install.version,varchar,255,True,False,False
oc_extension_install.author,varchar,255,True,False,False
oc_extension_install.link,varchar,255,True,False,False
oc_extension_path.path,varchar,255,True,False,False
oc_filter_description.name,varchar,64,True,False,False
oc_filter_group_description.name,varchar,64,True,False,False
oc_gdpr.code,varchar,40,True,False,False
oc_gdpr.email,varchar,96,True,False,False
oc_geo_zone.name,varchar,32,True,False,False
oc_geo_zone.description,varchar,255,True,False,False
oc_information_description.title,varchar,64,True,True,True
oc_information_description.description,mediumtext,,True,False,False
oc_information_description.meta_title,varchar,255,True,False,False
oc_information_description.meta_description,varchar,255,True,False,False
oc_information_description.meta_keyword,varchar,255,True,False,False
oc_language.name,varchar,32,True,False,False
oc_language.locale,varchar,255,True,False,False
oc_language.extension,varchar,255,True,False,False
oc_layout.name,varchar,64,True,False,False
oc_layout_module.code,varchar,64,True,False,False
oc_layout_route.route,varchar,64,True,False,False
oc_length_class_description.title,varchar,32,True,False,False
oc_location.name,varchar,32,True,False,False
oc_location.address,text,,True,False,False
oc_location.telephone,varchar,32,True,False,False
oc_location.geocode,varchar,32,True,False,False
oc_location.image,varchar,255,True,False,False
oc_location.open,text,,True,False,False
oc_location.comment,text,,True,False,False
oc_manufacturer.name,varchar,64,True,False,False
oc_manufacturer.image,varchar,255,True,False,False
oc_marketing.name,varchar,32,True,False,False
oc_marketing.description,text,,True,False,False
oc_marketing.code,varchar,64,True,False,False
oc_marketing_report.ip,varchar,40,True,False,False
oc_module.name,varchar,64,True,False,False
oc_module.code,varchar,64,True,False,False
oc_module.setting,text,,True,False,False
oc_notification.title,varchar,64,True,False,False
oc_notification.text,text,,True,False,False
oc_option.type,varchar,32,True,False,False
oc_option_description.name,varchar,128,True,False,False
oc_option_value.image,varchar,255,True,False,False
oc_option_value_description.name,varchar,128,True,False,False
oc_order.transaction_id,varchar,100,True,False,False
oc_order.store_name,varchar,64,True,False,False
oc_order.store_url,varchar,255,True,False,False
oc_order.firstname,varchar,32,True,False,False
oc_order.lastname,varchar,32,True,False,False
oc_order.email,varchar,96,True,False,False
oc_order.telephone,varchar,32,True,False,False
oc_order.custom_field,text,,True,False,False
oc_order.payment_firstname,varchar,32,True,False,False
oc_order.payment_lastname,varchar,32,True,False,False
oc_order.payment_company,varchar,60,True,False,False
oc_order.payment_address_1,varchar,128,True,False,False
oc_order.payment_address_2,varchar,128,True,False,False
oc_order.payment_city,varchar,128,True,False,False
oc_order.payment_country,varchar,128,True,False,False
oc_order.payment_zone,varchar,128,True,False,False
oc_order.payment_address_format,text,,True,False,False
oc_order.payment_custom_field,text,,True,False,False
oc_order.payment_method,varchar,128,True,False,False
oc_order.payment_code,varchar,128,True,False,False
oc_order.shipping_firstname,varchar,32,True,False,False
oc_order.shipping_lastname,varchar,32,True,False,False
oc_order.shipping_company,varchar,60,True,False,False
oc_order.shipping_address_1,varchar,128,True,False,False
oc_order.shipping_address_2,varchar,128,True,False,False
oc_order.shipping_city,varchar,128,True,False,False
oc_order.shipping_country,varchar,128,True,False,False
oc_order.shipping_zone,varchar,128,True,False,False
oc_order.shipping_address_format,text,,True,False,False
oc_order.shipping_custom_field,text,,True,False,False
oc_order.shipping_method,varchar,128,True,False,False
oc_order.shipping_code,varchar,128,True,False,False
oc_order.comment,text,,True,False,False
oc_order.tracking,varchar,64,True,False,False
oc_order.ip,varchar,40,True,False,False
oc_order.forwarded_ip,varchar,40,True,False,False
oc_order.user_agent,varchar,255,True,False,False
oc_order.accept_language,varchar,255,True,False,False
oc_order_history.comment,text,,True,False,False
oc_order_option.name,varchar,255,True,False,False
oc_order_option.value,text,,True,False,False
oc_order_option.type,varchar,32,True,False,False
oc_order_product.name,varchar,255,True,False,False
oc_order_product.model,varchar,64,True,False,False
oc_order_status.name,varchar,32,True,False,False
oc_order_total.extension,varchar,255,True,False,False
oc_order_total.code,varchar,32,True,False,False
oc_order_total.title,varchar,255,True,False,False
oc_order_voucher.description,varchar,255,True,False,False
oc_order_voucher.from_name,varchar,64,True,False,False
oc_order_voucher.from_email,varchar,96,True,False,False
oc_order_voucher.to_name,varchar,64,True,False,False
oc_order_voucher.to_email,varchar,96,True,False,False
oc_order_voucher.message,text,,True,False,False
oc_product.model,varchar,64,True,False,False
oc_product.sku,varchar,64,True,False,False
oc_product.mpn,varchar,64,True,False,False
oc_product.location,varchar,128,True,False,False
oc_product.variant,text,,True,False,False
oc_product.override,text,,True,False,False
oc_product.image,varchar,255,True,False,False
oc_product_attribute.text,text,,True,False,False
oc_product_description.name,varchar,255,True,True,True
oc_product_description.description,text,,True,False,True
oc_product_description.tag,text,,True,False,False
oc_product_description.meta_title,varchar,255,True,False,False
oc_product_description.meta_description,varchar,255,True,False,False
oc_product_description.meta_keyword,varchar,255,True,False,False
oc_product_image.image,varchar,255,True,False,False
oc_product_option.value,text,,True,False,False
oc_product_report.ip,varchar,40,True,False,False
oc_return.firstname,varchar,32,True,False,False
oc_return.lastname,varchar,32,True,False,False
oc_return.email,varchar,96,True,False,False
oc_return.telephone,varchar,32,True,False,False
oc_return.product,varchar,255,True,False,False
oc_return.model,varchar,64,True,False,False
oc_return.comment,text,,True,False,False
oc_return_action.name,varchar,64,True,False,False
oc_return_history.comment,text,,True,False,False
oc_return_reason.name,varchar,128,True,False,False
oc_return_status.name,varchar,32,True,False,False
oc_review.author,varchar,64,True,False,False
oc_review.text,text,,True,False,False
oc_seo_url.key,varchar,64,True,False,False
oc_seo_url.value,varchar,255,True,False,False
oc_seo_url.keyword,varchar,255,True,False,False
oc_session.session_id,varchar,32,True,False,False
oc_session.data,text,,True,False,False
oc_setting.code,varchar,128,True,False,False
oc_setting.key,varchar,128,True,False,True
oc_setting.value,text,,True,True,True
oc_startup.code,varchar,64,True,False,False
oc_startup.action,text,,True,False,False
oc_statistics.code,varchar,64,True,False,False
oc_stock_status.name,varchar,32,True,False,False
oc_store.name,varchar,64,True,False,False
oc_store.url,varchar,255,True,False,False
oc_subscription.name,varchar,255,True,False,False
oc_subscription.description,text,,True,False,False
oc_subscription.reference,varchar,255,True,False,False
oc_subscription_history.comment,text,,True,False,False
oc_subscription_plan_description.name,varchar,255,True,False,False
oc_subscription_plan_description.description,text,,True,False,False
oc_subscription_status.name,varchar,32,True,False,False
oc_subscription_transaction.transaction_id,varchar,255,True,False,False
oc_subscription_transaction.description,text,,True,False,False
oc_subscription_transaction.payment_method,varchar,128,True,False,False
oc_subscription_transaction.payment_code,varchar,128,True,False,False
oc_tax_class.title,varchar,32,True,False,False
oc_tax_class.description,varchar,255,True,False,False
oc_tax_rate.name,varchar,32,True,False,False
oc_theme.route,varchar,64,True,False,False
oc_theme.code,mediumtext,,True,False,False
oc_translation.route,varchar,64,True,False,False
oc_translation.key,varchar,64,True,False,False
oc_translation.value,text,,True,False,False
oc_upload.name,varchar,255,True,False,False
oc_upload.filename,varchar,255,True,False,False
oc_upload.code,varchar,255,True,False,False
oc_user.password,varchar,255,True,False,False
oc_user.firstname,varchar,32,True,False,False
oc_user.lastname,varchar,32,True,False,False
oc_user.email,varchar,96,True,False,False
oc_user.image,varchar,255,True,False,False
oc_user.code,varchar,40,True,False,False
oc_user.ip,varchar,40,True,False,False
oc_user_group.name,varchar,64,True,False,False
oc_user_group.permission,text,,True,False,False
oc_user_login.token,varchar,96,True,False,False
oc_user_login.ip,varchar,40,True,False,False
oc_user_login.user_agent,varchar,255,True,False,False
oc_vendor.name,varchar,64,True,False,False
oc_vendor.code,text,,True,False,False
oc_vendor.version,text,,True,False,False
oc_voucher.from_name,varchar,64,True,False,False
oc_voucher.from_email,varchar,96,True,False,False
oc_voucher.to_name,varchar,64,True,False,False
oc_voucher.to_email,varchar,96,True,False,False
oc_voucher.message,text,,True,False,False
oc_voucher_theme.image,varchar,255,True,False,False
oc_voucher_theme_description.name,varchar,32,True,False,False
oc_weight_class_description.title,varchar,32,True,False,False
oc_zone.name,varchar,128,True,False,True
oc_zone.code,varchar,32,True,False,False
