{
  "$schema": "https://developer.joomla.org/schemas/json-schema/web_assets.json",
  "name": "com_joomlaupdate",
  "version": "4.0.0",
  "description": "Joomla CMS",
  "license": "GPL-2.0-or-later",
  "assets": [
    {
      "name": "com_joomlaupdate.admin-update-es5",
      "type": "script",
      "uri": "com_joomlaupdate/admin-update-default-es5.min.js",
      "dependencies": [
        "core",
        "bootstrap.modal"
      ],
      "attributes": {
        "defer": true,
        "nomodule": true
      },
      "version": "af7a0c957f81a0debb64996077ca02b799d1940c"
    },
    {
      "name": "com_joomlaupdate.admin-update",
      "type": "script",
      "uri": "com_joomlaupdate/admin-update-default.min.js",
      "dependencies": [
        "com_joomlaupdate.admin-update-es5"
      ],
      "attributes": {
        "type": "module"
      },
      "version": "1a3bc957f016ecef9519cfa2d4e558c77b5c80f2"
    },
    {
      "name": "com_joomlaupdate.default",
      "type": "script",
      "uri": "com_joomlaupdate/default.min.js",
      "dependencies": [
        "com_joomlaupdate.default-es5"
      ],
      "attributes": {
        "type": "module"
      },
      "version": "7cc7da6a4a2ceefeb50ec92847bcd6421b2fff28"
    },
    {
      "name": "com_joomlaupdate.default-es5",
      "type": "script",
      "uri": "com_joomlaupdate/default-es5.min.js",
      "dependencies": [
        "core"
      ],
      "attributes": {
        "defer": true,
        "nomodule": true
      },
      "version": "e259b3b444988de5ccaeb8e57a04d75e12274a85"
    }
  ]
}