{
  "$schema": "https://developer.joomla.org/schemas/json-schema/web_assets.json",
  "name": "com_contact",
  "version": "4.0.0",
  "description": "Joomla CMS",
  "license": "GPL-2.0-or-later",
  "assets": [
    {
      "name": "com_contact.admin-contacts-modal.es5",
      "type": "script",
      "uri": "com_contact/admin-contacts-modal-es5.min.js",
      "dependencies": [
        "core"
      ],
      "attributes": {
        "nomodule": true,
        "defer": true
      },
      "version": "20c2fbe56d6b02c48d56e83e77775ffb81c16333"
    },
    {
      "name": "com_contact.admin-contacts-modal",
      "type": "script",
      "uri": "com_contact/admin-contacts-modal.min.js",
      "dependencies": [
        "com_contact.admin-contacts-modal.es5"
      ],
      "attributes": {
        "type": "module"
      },
      "version": "2e6f6c2f3eed9b1fefbdf2207295c015a5938344"
    },
    {
      "name": "com_contact.contacts-list.es5",
      "type": "script",
      "uri": "com_contact/contacts-list-es5.min.js",
      "dependencies": [
        "core"
      ],
      "attributes": {
        "nomodule": true,
        "defer": true
      },
      "version": "4d40a071d6672febde9190f361c8adecc94917d8"
    },
    {
      "name": "com_contact.contacts-list",
      "type": "script",
      "uri": "com_contact/contacts-list.min.js",
      "dependencies": [
        "com_contact.contacts-list.es5"
      ],
      "attributes": {
        "type": "module"
      },
      "version": "4efda122de260213f85aceee619bfc3ea5b4a0aa"
    }
  ]
}