<?xml version="1.0" encoding="utf-8"?>
<extension type="module" client="site" method="upgrade">
	<name>mod_articles_categories</name>
	<author>Joomla! Project</author>
	<creationDate>2010-02</creationDate>
	<copyright>(C) 2010 Open Source Matters, Inc.</copyright>
	<license>GNU General Public License version 2 or later; see LICENSE.txt</license>
	<authorEmail>admin@joomla.org</authorEmail>
	<authorUrl>www.joomla.org</authorUrl>
	<version>3.0.0</version>
	<description>MOD_ARTICLES_CATEGORIES_XML_DESCRIPTION</description>
	<namespace path="src">Joomla\Module\ArticlesCategories</namespace>
	<files>
		<filename module="mod_articles_categories">mod_articles_categories.php</filename>
		<folder>src</folder>
		<folder>tmpl</folder>
	</files>
	<languages>
		<language tag="en-GB">language/en-GB/mod_articles_categories.ini</language>
		<language tag="en-GB">language/en-GB/mod_articles_categories.sys.ini</language>
	</languages>
	<help key="Site_Modules:_Articles_-_Categories" />
	<config>
		<fields name="params">
			<fieldset name="basic" addfieldprefix="Joomla\Component\Categories\Administrator\Field">
				<field
					name="parent"
					type="modal_category"
					label="MOD_ARTICLES_CATEGORIES_FIELD_PARENT_LABEL"
					extension="com_content"
					filter="integer"
					published=""
					select="true"
					new="true"
					edit="true"
					clear="true"
				/>

				<field
					name="show_description"
					type="radio"
					layout="joomla.form.field.radio.switcher"
					label="MOD_ARTICLES_CATEGORIES_FIELD_SHOW_DESCRIPTION_LABEL"
					default="0"
					filter="integer"
					>
					<option value="0">JHIDE</option>
					<option value="1">JSHOW</option>
				</field>

				<field
					name="numitems"
					type="radio"
					layout="joomla.form.field.radio.switcher"
					label="MOD_ARTICLES_CATEGORIES_FIELD_NUMITEMS_LABEL"
					default="0"
					filter="integer"
					>
					<option value="0">JHIDE</option>
					<option value="1">JSHOW</option>
				</field>

				<field
					name="show_children"
					type="radio"
					layout="joomla.form.field.radio.switcher"
					label="MOD_ARTICLES_CATEGORIES_FIELD_SHOW_CHILDREN_LABEL"
					default="0"
					filter="integer"
					>
					<option value="0">JHIDE</option>
					<option value="1">JSHOW</option>
				</field>

				<field
					name="count"
					type="list"
					label="MOD_ARTICLES_CATEGORIES_FIELD_COUNT_LABEL"
					description="MOD_ARTICLES_CATEGORIES_FIELD_COUNT_DESC"
					default="0"
					filter="integer"
					validate="options"
					>
					<option value="0">JALL</option>
					<option value="1">J1</option>
					<option value="2">J2</option>
					<option value="3">J3</option>
					<option value="4">J4</option>
					<option value="5">J5</option>
					<option value="6">J6</option>
					<option value="7">J7</option>
					<option value="8">J8</option>
					<option value="9">J9</option>
					<option value="10">J10</option>
				</field>

				<field
					name="maxlevel"
					type="list"
					label="MOD_ARTICLES_CATEGORIES_FIELD_MAXLEVEL_LABEL"
					default="0"
					filter="integer"
					validate="options"
					>
					<option value="0">JALL</option>
					<option value="1">J1</option>
					<option value="2">J2</option>
					<option value="3">J3</option>
					<option value="4">J4</option>
					<option value="5">J5</option>
					<option value="6">J6</option>
					<option value="7">J7</option>
					<option value="8">J8</option>
					<option value="9">J9</option>
					<option value="10">J10</option>
				</field>
			</fieldset>

			<fieldset name="advanced">
				<field
					name="layout"
					type="modulelayout"
					label="JFIELD_ALT_LAYOUT_LABEL"
					class="form-select"
					validate="moduleLayout"
				/>

				<field
					name="item_heading"
					type="list"
					label="MOD_ARTICLES_CATEGORIES_TITLE_HEADING_LABEL"
					default="4"
					filter="integer"
					validate="options"
					>
					<option value="1">JH1</option>
					<option value="2">JH2</option>
					<option value="3">JH3</option>
					<option value="4">JH4</option>
					<option value="5">JH5</option>
				</field>

				<field
					name="moduleclass_sfx"
					type="textarea"
					label="COM_MODULES_FIELD_MODULECLASS_SFX_LABEL"
					rows="3"
					validate="CssIdentifier"
				/>

				<field
					name="owncache"
					type="list"
					label="COM_MODULES_FIELD_CACHING_LABEL"
					default="1"
					filter="integer"
					validate="options"
					>
					<option value="1">JGLOBAL_USE_GLOBAL</option>
					<option value="0">COM_MODULES_FIELD_VALUE_NOCACHING</option>
				</field>

				<field
					name="cache_time"
					type="number"
					label="COM_MODULES_FIELD_CACHE_TIME_LABEL"
					default="900"
					filter="integer"
				/>
			</fieldset>
		</fields>
	</config>
</extension>
